Student,Question,Grade
1.0,1.0,C
2.0,1.0,C
3.0,1.0,C
4.0,1.0,C
5.0,1.0,C
6.0,1.0,C
7.0,1.0,C
8.0,1.0,C
9.0,1.0,C
10.0,1.0,C
11.0,1.0,C
12.0,1.0,C
13.0,1.0,C
14.0,1.0,C
15.0,1.0,C
16.0,1.0,C
17.0,1.0,C
18.0,1.0,C
19.0,1.0,C
20.0,1.0,C
21.0,1.0,C
22.0,1.0,C
23.0,1.0,C
24.0,1.0,C
25.0,1.0,C
26.0,1.0,C
27.0,1.0,C
28.0,1.0,C
29.0,1.0,C
30.0,1.0,C
31.0,1.0,C
32.0,1.0,C
33.0,1.0,C
34.0,1.0,C
35.0,1.0,C
36.0,1.0,C
37.0,1.0,C
38.0,1.0,C
39.0,1.0,C
40.0,1.0,C
41.0,1.0,C
42.0,1.0,C
43.0,1.0,C
44.0,1.0,C
45.0,1.0,C
46.0,1.0,C
47.0,1.0,C
48.0,1.0,C
49.0,1.0,C
50.0,1.0,C
51.0,1.0,C
52.0,1.0,C
53.0,1.0,C
54.0,1.0,C
55.0,1.0,C
56.0,1.0,C
57.0,1.0,C
58.0,1.0,C
59.0,1.0,C
60.0,1.0,C
61.0,1.0,C
62.0,1.0,C
63.0,1.0,C
64.0,1.0,C
1.0,1.0,C
2.0,1.0,C
3.0,1.0,C
4.0,1.0,C
5.0,1.0,C
6.0,1.0,C
7.0,1.0,C
8.0,1.0,C
9.0,1.0,C
10.0,1.0,C
11.0,1.0,C
12.0,1.0,C
13.0,1.0,C
14.0,1.0,C
15.0,1.0,C
16.0,1.0,C
17.0,1.0,C
18.0,1.0,C
19.0,1.0,C
20.0,1.0,C
21.0,1.0,C
22.0,1.0,C
23.0,1.0,C
24.0,1.0,C
25.0,1.0,C
26.0,1.0,C
27.0,1.0,C
28.0,1.0,C
29.0,1.0,C
30.0,1.0,C
31.0,1.0,C
32.0,1.0,C
33.0,1.0,C
34.0,1.0,C
35.0,1.0,C
36.0,1.0,C
37.0,1.0,C
38.0,1.0,C
39.0,1.0,C
40.0,1.0,C
41.0,1.0,C
42.0,1.0,C
43.0,1.0,C
44.0,1.0,C
45.0,1.0,C
46.0,1.0,C
47.0,1.0,C
48.0,1.0,C
49.0,1.0,C
50.0,1.0,C
51.0,1.0,C
52.0,1.0,C
53.0,1.0,C
54.0,1.0,C
55.0,1.0,C
56.0,1.0,C
57.0,1.0,C
58.0,1.0,C
59.0,1.0,C
60.0,1.0,C
61.0,1.0,C
62.0,1.0,C
63.0,1.0,C
64.0,1.0,C
1.0,1.0,C
2.0,1.0,C
3.0,1.0,C
4.0,1.0,C
5.0,1.0,C
6.0,1.0,C
7.0,1.0,C
8.0,1.0,C
9.0,1.0,C
10.0,1.0,C
11.0,1.0,C
12.0,1.0,C
13.0,1.0,C
14.0,1.0,C
15.0,1.0,C
16.0,1.0,C
17.0,1.0,C
18.0,1.0,C
19.0,1.0,C
20.0,1.0,C
21.0,1.0,C
22.0,1.0,C
23.0,1.0,C
24.0,1.0,C
25.0,1.0,C
26.0,1.0,C
27.0,1.0,C
28.0,1.0,C
29.0,1.0,C
30.0,1.0,C
31.0,1.0,C
32.0,1.0,C
33.0,1.0,C
34.0,1.0,C
35.0,1.0,C
36.0,1.0,C
37.0,1.0,C
38.0,1.0,C
39.0,1.0,C
40.0,1.0,C
41.0,1.0,C
42.0,1.0,C
43.0,1.0,C
44.0,1.0,C
45.0,1.0,C
46.0,1.0,C
47.0,1.0,C
48.0,1.0,C
49.0,1.0,C
50.0,1.0,C
51.0,1.0,C
52.0,1.0,C
53.0,1.0,C
54.0,1.0,C
55.0,1.0,C
56.0,1.0,C
57.0,1.0,C
58.0,1.0,C
59.0,1.0,C
60.0,1.0,C
61.0,1.0,C
62.0,1.0,C
63.0,1.0,C
64.0,1.0,C
1.0,1.0,C
2.0,1.0,C
3.0,1.0,C
4.0,1.0,C
5.0,1.0,C
6.0,1.0,C
7.0,1.0,C
8.0,1.0,C
9.0,1.0,C
10.0,1.0,C
11.0,1.0,C
12.0,1.0,C
13.0,1.0,C
14.0,1.0,C
15.0,1.0,C
16.0,1.0,C
17.0,1.0,C
18.0,1.0,C
19.0,1.0,C
20.0,1.0,C
21.0,1.0,C
22.0,1.0,C
23.0,1.0,C
24.0,1.0,C
25.0,1.0,C
26.0,1.0,C
27.0,1.0,C
28.0,1.0,C
29.0,1.0,C
30.0,1.0,C
31.0,1.0,C
32.0,1.0,C
33.0,1.0,C
34.0,1.0,C
35.0,1.0,C
36.0,1.0,C
37.0,1.0,C
38.0,1.0,C
39.0,1.0,C
40.0,1.0,C
41.0,1.0,C
42.0,1.0,C
43.0,1.0,C
44.0,1.0,C
45.0,1.0,C
46.0,1.0,C
47.0,1.0,C
48.0,1.0,C
49.0,1.0,C
50.0,1.0,C
51.0,1.0,C
52.0,1.0,C
53.0,1.0,C
54.0,1.0,C
55.0,1.0,C
56.0,1.0,C
57.0,1.0,C
58.0,1.0,C
59.0,1.0,C
60.0,1.0,C
61.0,1.0,C
62.0,1.0,C
63.0,1.0,C
64.0,1.0,C
1.0,1.0,C
2.0,1.0,C
3.0,1.0,C
4.0,1.0,C
5.0,1.0,C
6.0,1.0,C
7.0,1.0,C
8.0,1.0,C
9.0,1.0,C
10.0,1.0,C
11.0,1.0,C
12.0,1.0,C
13.0,1.0,C
14.0,1.0,C
15.0,1.0,C
16.0,1.0,C
17.0,1.0,C
18.0,1.0,C
19.0,1.0,C
20.0,1.0,C
21.0,1.0,C
22.0,1.0,C
23.0,1.0,C
24.0,1.0,C
25.0,1.0,C
26.0,1.0,C
27.0,1.0,C
28.0,1.0,C
29.0,1.0,C
30.0,1.0,C
31.0,1.0,C
32.0,1.0,C
33.0,1.0,C
34.0,1.0,C
35.0,1.0,C
36.0,1.0,C
37.0,1.0,C
38.0,1.0,C
39.0,1.0,C
40.0,1.0,C
41.0,1.0,C
42.0,1.0,C
43.0,1.0,C
44.0,1.0,C
45.0,1.0,C
46.0,1.0,C
47.0,1.0,C
48.0,1.0,C
49.0,1.0,C
50.0,1.0,C
51.0,1.0,C
52.0,1.0,C
53.0,1.0,C
54.0,1.0,C
55.0,1.0,C
56.0,1.0,C
57.0,1.0,C
58.0,1.0,C
59.0,1.0,C
60.0,1.0,C
61.0,1.0,C
62.0,1.0,C
63.0,1.0,C
64.0,1.0,C
1.0,1.0,C
2.0,1.0,C
3.0,1.0,C
4.0,1.0,C
5.0,1.0,C
6.0,1.0,C
7.0,1.0,C
8.0,1.0,C
9.0,1.0,C
10.0,1.0,C
11.0,1.0,C
12.0,1.0,C
13.0,1.0,C
14.0,1.0,C
15.0,1.0,C
16.0,1.0,C
17.0,1.0,C
18.0,1.0,C
19.0,1.0,C
20.0,1.0,C
21.0,1.0,C
22.0,1.0,C
23.0,1.0,C
24.0,1.0,C
25.0,1.0,C
26.0,1.0,C
27.0,1.0,C
28.0,1.0,C
29.0,1.0,C
30.0,1.0,C
31.0,1.0,C
32.0,1.0,C
33.0,1.0,C
34.0,1.0,C
35.0,1.0,C
36.0,1.0,C
37.0,1.0,C
38.0,1.0,C
39.0,1.0,C
40.0,1.0,C
41.0,1.0,C
42.0,1.0,C
43.0,1.0,C
44.0,1.0,C
45.0,1.0,C
46.0,1.0,C
47.0,1.0,C
48.0,1.0,C
49.0,1.0,C
50.0,1.0,C
51.0,1.0,C
52.0,1.0,C
53.0,1.0,C
54.0,1.0,C
55.0,1.0,C
56.0,1.0,C
57.0,1.0,C
58.0,1.0,C
59.0,1.0,C
60.0,1.0,C
61.0,1.0,C
62.0,1.0,C
63.0,1.0,C
64.0,1.0,C
1.0,1.0,C
2.0,1.0,C
3.0,1.0,C
4.0,1.0,C
5.0,1.0,C
6.0,1.0,C
7.0,1.0,C
8.0,1.0,C
9.0,1.0,C
10.0,1.0,C
11.0,1.0,C
12.0,1.0,C
13.0,1.0,C
14.0,1.0,C
15.0,1.0,C
16.0,1.0,C
17.0,1.0,C
18.0,1.0,C
19.0,1.0,C
20.0,1.0,C
21.0,1.0,C
22.0,1.0,C
23.0,1.0,C
24.0,1.0,C
25.0,1.0,C
26.0,1.0,C
27.0,1.0,C
28.0,1.0,C
29.0,1.0,C
30.0,1.0,C
31.0,1.0,C
32.0,1.0,C
33.0,1.0,C
34.0,1.0,C
35.0,1.0,C
36.0,1.0,C
37.0,1.0,C
38.0,1.0,C
39.0,1.0,C
40.0,1.0,C
41.0,1.0,C
42.0,1.0,C
43.0,1.0,C
44.0,1.0,C
45.0,1.0,C
46.0,1.0,C
47.0,1.0,C
48.0,1.0,C
49.0,1.0,C
50.0,1.0,C
51.0,1.0,C
52.0,1.0,C
53.0,1.0,C
54.0,1.0,C
55.0,1.0,C
56.0,1.0,C
57.0,1.0,C
58.0,1.0,C
59.0,1.0,C
60.0,1.0,C
61.0,1.0,C
62.0,1.0,C
63.0,1.0,C
64.0,1.0,C
1.0,1.0,C
2.0,1.0,C
3.0,1.0,C
4.0,1.0,C
5.0,1.0,C
6.0,1.0,C
7.0,1.0,C
8.0,1.0,C
9.0,1.0,C
10.0,1.0,C
11.0,1.0,C
12.0,1.0,C
13.0,1.0,C
14.0,1.0,C
15.0,1.0,C
16.0,1.0,C
17.0,1.0,C
18.0,1.0,C
19.0,1.0,C
20.0,1.0,C
21.0,1.0,C
22.0,1.0,C
23.0,1.0,C
24.0,1.0,C
25.0,1.0,C
26.0,1.0,C
27.0,1.0,C
28.0,1.0,C
29.0,1.0,C
30.0,1.0,C
31.0,1.0,C
32.0,1.0,C
33.0,1.0,C
34.0,1.0,C
35.0,1.0,C
36.0,1.0,C
37.0,1.0,C
38.0,1.0,C
39.0,1.0,C
40.0,1.0,C
41.0,1.0,C
42.0,1.0,C
43.0,1.0,C
44.0,1.0,C
45.0,1.0,C
46.0,1.0,C
47.0,1.0,C
48.0,1.0,C
49.0,1.0,C
50.0,1.0,C
51.0,1.0,C
52.0,1.0,C
53.0,1.0,C
54.0,1.0,C
55.0,1.0,C
56.0,1.0,C
57.0,1.0,C
58.0,1.0,C
59.0,1.0,C
60.0,1.0,C
61.0,1.0,C
62.0,1.0,C
63.0,1.0,C
64.0,1.0,C
1.0,1.0,C
2.0,1.0,C
3.0,1.0,C
4.0,1.0,C
5.0,1.0,C
6.0,1.0,C
7.0,1.0,C
8.0,1.0,C
9.0,1.0,C
10.0,1.0,C
11.0,1.0,C
12.0,1.0,C
13.0,1.0,C
14.0,1.0,C
15.0,1.0,C
16.0,1.0,C
17.0,1.0,C
18.0,1.0,C
19.0,1.0,C
20.0,1.0,C
21.0,1.0,C
22.0,1.0,C
23.0,1.0,C
24.0,1.0,C
25.0,1.0,C
26.0,1.0,C
27.0,1.0,C
28.0,1.0,C
29.0,1.0,C
30.0,1.0,C
31.0,1.0,C
32.0,1.0,C
33.0,1.0,C
34.0,1.0,C
35.0,1.0,C
36.0,1.0,C
37.0,1.0,C
38.0,1.0,C
39.0,1.0,C
40.0,1.0,C
41.0,1.0,C
42.0,1.0,C
43.0,1.0,C
44.0,1.0,C
45.0,1.0,C
46.0,1.0,C
47.0,1.0,C
48.0,1.0,C
49.0,1.0,C
50.0,1.0,C
51.0,1.0,C
52.0,1.0,C
53.0,1.0,C
54.0,1.0,C
55.0,1.0,C
56.0,1.0,C
57.0,1.0,C
58.0,1.0,C
59.0,1.0,C
60.0,1.0,C
61.0,1.0,C
62.0,1.0,C
63.0,1.0,C
64.0,1.0,C
1.0,1.0,C
2.0,1.0,C
3.0,1.0,C
4.0,1.0,C
5.0,1.0,C
6.0,1.0,C
7.0,1.0,C
8.0,1.0,C
9.0,1.0,C
10.0,1.0,C
11.0,1.0,C
12.0,1.0,C
13.0,1.0,C
14.0,1.0,C
15.0,1.0,C
16.0,1.0,C
17.0,1.0,C
18.0,1.0,C
19.0,1.0,C
20.0,1.0,C
21.0,1.0,C
22.0,1.0,C
23.0,1.0,C
24.0,1.0,C
25.0,1.0,C
26.0,1.0,C
27.0,1.0,C
28.0,1.0,C
29.0,1.0,C
30.0,1.0,C
31.0,1.0,C
32.0,1.0,C
33.0,1.0,C
34.0,1.0,C
35.0,1.0,C
36.0,1.0,C
37.0,1.0,C
38.0,1.0,C
39.0,1.0,C
40.0,1.0,C
41.0,1.0,C
42.0,1.0,C
43.0,1.0,C
44.0,1.0,C
45.0,1.0,C
46.0,1.0,C
47.0,1.0,C
48.0,1.0,C
49.0,1.0,C
50.0,1.0,C
51.0,1.0,C
52.0,1.0,C
53.0,1.0,C
54.0,1.0,C
55.0,1.0,C
56.0,1.0,C
57.0,1.0,C
58.0,1.0,C
59.0,1.0,C
60.0,1.0,C
61.0,1.0,C
62.0,1.0,C
63.0,1.0,C
64.0,1.0,C
1.0,2.0,C
2.0,2.0,C
3.0,2.0,C
4.0,2.0,C
5.0,2.0,C
6.0,2.0,C
7.0,2.0,C
8.0,2.0,C
9.0,2.0,C
10.0,2.0,C
11.0,2.0,C
12.0,2.0,C
13.0,2.0,C
14.0,2.0,C
15.0,2.0,C
16.0,2.0,C
17.0,2.0,C
18.0,2.0,C
19.0,2.0,C
20.0,2.0,C
21.0,2.0,C
22.0,2.0,C
23.0,2.0,C
24.0,2.0,C
25.0,2.0,C
26.0,2.0,C
27.0,2.0,C
28.0,2.0,C
29.0,2.0,C
30.0,2.0,C
31.0,2.0,C
32.0,2.0,C
33.0,2.0,C
34.0,2.0,C
35.0,2.0,C
36.0,2.0,C
37.0,2.0,C
38.0,2.0,C
39.0,2.0,C
40.0,2.0,C
41.0,2.0,C
42.0,2.0,C
43.0,2.0,C
44.0,2.0,C
45.0,2.0,C
46.0,2.0,C
47.0,2.0,C
48.0,2.0,C
49.0,2.0,C
50.0,2.0,C
51.0,2.0,C
52.0,2.0,C
53.0,2.0,C
54.0,2.0,C
55.0,2.0,C
56.0,2.0,C
57.0,2.0,C
58.0,2.0,C
59.0,2.0,C
60.0,2.0,C
61.0,2.0,C
62.0,2.0,C
63.0,2.0,C
64.0,2.0,C
1.0,2.0,C
2.0,2.0,C
3.0,2.0,C
4.0,2.0,C
5.0,2.0,C
6.0,2.0,C
7.0,2.0,C
8.0,2.0,C
9.0,2.0,C
10.0,2.0,C
11.0,2.0,C
12.0,2.0,C
13.0,2.0,C
14.0,2.0,C
15.0,2.0,C
16.0,2.0,C
17.0,2.0,C
18.0,2.0,C
19.0,2.0,C
20.0,2.0,C
21.0,2.0,C
22.0,2.0,C
23.0,2.0,C
24.0,2.0,C
25.0,2.0,C
26.0,2.0,C
27.0,2.0,C
28.0,2.0,C
29.0,2.0,C
30.0,2.0,C
31.0,2.0,C
32.0,2.0,C
33.0,2.0,C
34.0,2.0,C
35.0,2.0,C
36.0,2.0,C
37.0,2.0,C
38.0,2.0,C
39.0,2.0,C
40.0,2.0,C
41.0,2.0,C
42.0,2.0,C
43.0,2.0,C
44.0,2.0,C
45.0,2.0,C
46.0,2.0,C
47.0,2.0,C
48.0,2.0,C
49.0,2.0,C
50.0,2.0,C
51.0,2.0,C
52.0,2.0,C
53.0,2.0,C
54.0,2.0,C
55.0,2.0,C
56.0,2.0,C
57.0,2.0,C
58.0,2.0,C
59.0,2.0,C
60.0,2.0,C
61.0,2.0,C
62.0,2.0,C
63.0,2.0,C
64.0,2.0,C
1.0,2.0,C
2.0,2.0,C
3.0,2.0,C
4.0,2.0,C
5.0,2.0,C
6.0,2.0,C
7.0,2.0,C
8.0,2.0,C
9.0,2.0,C
10.0,2.0,C
11.0,2.0,C
12.0,2.0,C
13.0,2.0,C
14.0,2.0,C
15.0,2.0,C
16.0,2.0,C
17.0,2.0,C
18.0,2.0,C
19.0,2.0,C
20.0,2.0,C
21.0,2.0,C
22.0,2.0,C
23.0,2.0,C
24.0,2.0,C
25.0,2.0,C
26.0,2.0,C
27.0,2.0,C
28.0,2.0,C
29.0,2.0,C
30.0,2.0,C
31.0,2.0,C
32.0,2.0,C
33.0,2.0,C
34.0,2.0,C
35.0,2.0,C
36.0,2.0,C
37.0,2.0,C
38.0,2.0,C
39.0,2.0,C
40.0,2.0,C
41.0,2.0,C
42.0,2.0,C
43.0,2.0,C
44.0,2.0,C
45.0,2.0,C
46.0,2.0,C
47.0,2.0,C
48.0,2.0,C
49.0,2.0,C
50.0,2.0,C
51.0,2.0,C
52.0,2.0,C
53.0,2.0,C
54.0,2.0,C
55.0,2.0,C
56.0,2.0,C
57.0,2.0,C
58.0,2.0,C
59.0,2.0,C
60.0,2.0,C
61.0,2.0,C
62.0,2.0,C
63.0,2.0,C
64.0,2.0,C
1.0,2.0,C
2.0,2.0,C
3.0,2.0,C
4.0,2.0,C
5.0,2.0,C
6.0,2.0,C
7.0,2.0,C
8.0,2.0,C
9.0,2.0,C
10.0,2.0,C
11.0,2.0,C
12.0,2.0,C
13.0,2.0,C
14.0,2.0,C
15.0,2.0,C
16.0,2.0,C
17.0,2.0,C
18.0,2.0,C
19.0,2.0,C
20.0,2.0,C
21.0,2.0,C
22.0,2.0,C
23.0,2.0,C
24.0,2.0,C
25.0,2.0,C
26.0,2.0,C
27.0,2.0,C
28.0,2.0,C
29.0,2.0,C
30.0,2.0,C
31.0,2.0,C
32.0,2.0,C
33.0,2.0,C
34.0,2.0,C
35.0,2.0,C
36.0,2.0,C
37.0,2.0,C
38.0,2.0,C
39.0,2.0,C
40.0,2.0,C
41.0,2.0,C
42.0,2.0,C
43.0,2.0,C
44.0,2.0,C
45.0,2.0,C
46.0,2.0,C
47.0,2.0,C
48.0,2.0,C
49.0,2.0,C
50.0,2.0,C
51.0,2.0,C
52.0,2.0,C
53.0,2.0,C
54.0,2.0,C
55.0,2.0,C
56.0,2.0,C
57.0,2.0,C
58.0,2.0,C
59.0,2.0,C
60.0,2.0,C
61.0,2.0,C
62.0,2.0,C
63.0,2.0,C
64.0,2.0,C
1.0,2.0,C
2.0,2.0,C
3.0,2.0,C
4.0,2.0,C
5.0,2.0,C
6.0,2.0,C
7.0,2.0,C
8.0,2.0,C
9.0,2.0,C
10.0,2.0,C
11.0,2.0,C
12.0,2.0,C
13.0,2.0,C
14.0,2.0,C
15.0,2.0,C
16.0,2.0,C
17.0,2.0,C
18.0,2.0,C
19.0,2.0,C
20.0,2.0,C
21.0,2.0,C
22.0,2.0,C
23.0,2.0,C
24.0,2.0,C
25.0,2.0,C
26.0,2.0,C
27.0,2.0,C
28.0,2.0,C
29.0,2.0,C
30.0,2.0,C
31.0,2.0,C
32.0,2.0,C
33.0,2.0,C
34.0,2.0,C
35.0,2.0,C
36.0,2.0,C
37.0,2.0,C
38.0,2.0,C
39.0,2.0,C
40.0,2.0,C
41.0,2.0,C
42.0,2.0,C
43.0,2.0,C
44.0,2.0,C
45.0,2.0,C
46.0,2.0,C
47.0,2.0,C
48.0,2.0,C
49.0,2.0,C
50.0,2.0,C
51.0,2.0,C
52.0,2.0,C
53.0,2.0,C
54.0,2.0,C
55.0,2.0,C
56.0,2.0,C
57.0,2.0,C
58.0,2.0,C
59.0,2.0,C
60.0,2.0,C
61.0,2.0,C
62.0,2.0,C
63.0,2.0,C
64.0,2.0,C
1.0,2.0,C
2.0,2.0,C
3.0,2.0,C
4.0,2.0,C
5.0,2.0,C
6.0,2.0,C
7.0,2.0,C
8.0,2.0,C
9.0,2.0,C
10.0,2.0,C
11.0,2.0,C
12.0,2.0,C
13.0,2.0,C
14.0,2.0,C
15.0,2.0,C
16.0,2.0,C
17.0,2.0,C
18.0,2.0,C
19.0,2.0,C
20.0,2.0,C
21.0,2.0,C
22.0,2.0,C
23.0,2.0,C
24.0,2.0,C
25.0,2.0,C
26.0,2.0,C
27.0,2.0,C
28.0,2.0,C
29.0,2.0,C
30.0,2.0,C
31.0,2.0,C
32.0,2.0,C
33.0,2.0,C
34.0,2.0,C
35.0,2.0,C
36.0,2.0,C
37.0,2.0,C
38.0,2.0,C
39.0,2.0,C
40.0,2.0,C
41.0,2.0,C
42.0,2.0,C
43.0,2.0,C
44.0,2.0,C
45.0,2.0,C
46.0,2.0,C
47.0,2.0,C
48.0,2.0,C
49.0,2.0,C
50.0,2.0,C
51.0,2.0,C
52.0,2.0,C
53.0,2.0,C
54.0,2.0,C
55.0,2.0,C
56.0,2.0,C
57.0,2.0,C
58.0,2.0,C
59.0,2.0,C
60.0,2.0,C
61.0,2.0,C
62.0,2.0,C
63.0,2.0,C
64.0,2.0,C
1.0,2.0,C
2.0,2.0,C
3.0,2.0,C
4.0,2.0,C
5.0,2.0,C
6.0,2.0,C
7.0,2.0,C
8.0,2.0,C
9.0,2.0,C
10.0,2.0,C
11.0,2.0,C
12.0,2.0,C
13.0,2.0,C
14.0,2.0,C
15.0,2.0,C
16.0,2.0,C
17.0,2.0,C
18.0,2.0,C
19.0,2.0,C
20.0,2.0,C
21.0,2.0,C
22.0,2.0,C
23.0,2.0,C
24.0,2.0,C
25.0,2.0,C
26.0,2.0,C
27.0,2.0,C
28.0,2.0,C
29.0,2.0,C
30.0,2.0,C
31.0,2.0,C
32.0,2.0,C
33.0,2.0,C
34.0,2.0,C
35.0,2.0,C
36.0,2.0,C
37.0,2.0,C
38.0,2.0,C
39.0,2.0,C
40.0,2.0,C
41.0,2.0,C
42.0,2.0,C
43.0,2.0,C
44.0,2.0,C
45.0,2.0,C
46.0,2.0,C
47.0,2.0,C
48.0,2.0,C
49.0,2.0,C
50.0,2.0,C
51.0,2.0,C
52.0,2.0,C
53.0,2.0,C
54.0,2.0,C
55.0,2.0,C
56.0,2.0,C
57.0,2.0,C
58.0,2.0,C
59.0,2.0,C
60.0,2.0,C
61.0,2.0,C
62.0,2.0,C
63.0,2.0,C
64.0,2.0,C
1.0,2.0,C
2.0,2.0,C
3.0,2.0,C
4.0,2.0,C
5.0,2.0,C
6.0,2.0,C
7.0,2.0,C
8.0,2.0,C
9.0,2.0,C
10.0,2.0,C
11.0,2.0,C
12.0,2.0,C
13.0,2.0,C
14.0,2.0,C
15.0,2.0,C
16.0,2.0,C
17.0,2.0,C
18.0,2.0,C
19.0,2.0,C
20.0,2.0,C
21.0,2.0,C
22.0,2.0,C
23.0,2.0,C
24.0,2.0,C
25.0,2.0,C
26.0,2.0,C
27.0,2.0,C
28.0,2.0,C
29.0,2.0,C
30.0,2.0,C
31.0,2.0,C
32.0,2.0,C
33.0,2.0,C
34.0,2.0,C
35.0,2.0,C
36.0,2.0,C
37.0,2.0,C
38.0,2.0,C
39.0,2.0,C
40.0,2.0,C
41.0,2.0,C
42.0,2.0,C
43.0,2.0,C
44.0,2.0,C
45.0,2.0,C
46.0,2.0,C
47.0,2.0,C
48.0,2.0,C
49.0,2.0,C
50.0,2.0,C
51.0,2.0,C
52.0,2.0,C
53.0,2.0,C
54.0,2.0,C
55.0,2.0,C
56.0,2.0,C
57.0,2.0,C
58.0,2.0,C
59.0,2.0,C
60.0,2.0,C
61.0,2.0,C
62.0,2.0,C
63.0,2.0,C
64.0,2.0,C
1.0,2.0,C
2.0,2.0,C
3.0,2.0,C
4.0,2.0,C
5.0,2.0,C
6.0,2.0,C
7.0,2.0,C
8.0,2.0,C
9.0,2.0,C
10.0,2.0,C
11.0,2.0,C
12.0,2.0,C
13.0,2.0,C
14.0,2.0,C
15.0,2.0,C
16.0,2.0,C
17.0,2.0,C
18.0,2.0,C
19.0,2.0,C
20.0,2.0,C
21.0,2.0,C
22.0,2.0,C
23.0,2.0,C
24.0,2.0,C
25.0,2.0,C
26.0,2.0,C
27.0,2.0,C
28.0,2.0,C
29.0,2.0,C
30.0,2.0,C
31.0,2.0,C
32.0,2.0,C
33.0,2.0,C
34.0,2.0,C
35.0,2.0,C
36.0,2.0,C
37.0,2.0,C
38.0,2.0,C
39.0,2.0,C
40.0,2.0,C
41.0,2.0,C
42.0,2.0,C
43.0,2.0,C
44.0,2.0,C
45.0,2.0,C
46.0,2.0,C
47.0,2.0,C
48.0,2.0,C
49.0,2.0,C
50.0,2.0,C
51.0,2.0,C
52.0,2.0,C
53.0,2.0,C
54.0,2.0,C
55.0,2.0,C
56.0,2.0,C
57.0,2.0,C
58.0,2.0,C
59.0,2.0,C
60.0,2.0,C
61.0,2.0,C
62.0,2.0,C
63.0,2.0,C
64.0,2.0,C
1.0,2.0,C
2.0,2.0,C
3.0,2.0,C
4.0,2.0,C
5.0,2.0,C
6.0,2.0,C
7.0,2.0,C
8.0,2.0,C
9.0,2.0,C
10.0,2.0,C
11.0,2.0,C
12.0,2.0,C
13.0,2.0,C
14.0,2.0,C
15.0,2.0,C
16.0,2.0,C
17.0,2.0,C
18.0,2.0,C
19.0,2.0,C
20.0,2.0,C
21.0,2.0,C
22.0,2.0,C
23.0,2.0,C
24.0,2.0,C
25.0,2.0,C
26.0,2.0,C
27.0,2.0,C
28.0,2.0,C
29.0,2.0,C
30.0,2.0,C
31.0,2.0,C
32.0,2.0,C
33.0,2.0,C
34.0,2.0,C
35.0,2.0,C
36.0,2.0,C
37.0,2.0,C
38.0,2.0,C
39.0,2.0,C
40.0,2.0,C
41.0,2.0,C
42.0,2.0,C
43.0,2.0,C
44.0,2.0,C
45.0,2.0,C
46.0,2.0,C
47.0,2.0,C
48.0,2.0,C
49.0,2.0,C
50.0,2.0,C
51.0,2.0,C
52.0,2.0,C
53.0,2.0,C
54.0,2.0,C
55.0,2.0,C
56.0,2.0,C
57.0,2.0,C
58.0,2.0,C
59.0,2.0,C
60.0,2.0,C
61.0,2.0,C
62.0,2.0,C
63.0,2.0,C
64.0,2.0,C
1.0,3.0,C
2.0,3.0,C
3.0,3.0,C
4.0,3.0,C
5.0,3.0,C
6.0,3.0,C
7.0,3.0,C
8.0,3.0,C
9.0,3.0,C
10.0,3.0,C
11.0,3.0,C
12.0,3.0,C
13.0,3.0,C
14.0,3.0,C
15.0,3.0,C
16.0,3.0,C
17.0,3.0,C
18.0,3.0,C
19.0,3.0,C
20.0,3.0,C
21.0,3.0,C
22.0,3.0,C
23.0,3.0,C
24.0,3.0,C
25.0,3.0,C
26.0,3.0,C
27.0,3.0,C
28.0,3.0,C
29.0,3.0,C
30.0,3.0,C
31.0,3.0,C
32.0,3.0,C
33.0,3.0,C
34.0,3.0,C
35.0,3.0,C
36.0,3.0,C
37.0,3.0,C
38.0,3.0,C
39.0,3.0,C
40.0,3.0,C
41.0,3.0,C
42.0,3.0,C
43.0,3.0,C
44.0,3.0,C
45.0,3.0,C
46.0,3.0,C
47.0,3.0,C
48.0,3.0,C
49.0,3.0,C
50.0,3.0,C
51.0,3.0,C
52.0,3.0,C
53.0,3.0,C
54.0,3.0,C
55.0,3.0,C
56.0,3.0,C
57.0,3.0,C
58.0,3.0,C
59.0,3.0,C
60.0,3.0,C
61.0,3.0,C
62.0,3.0,C
63.0,3.0,C
64.0,3.0,C
1.0,3.0,C
2.0,3.0,C
3.0,3.0,C
4.0,3.0,C
5.0,3.0,C
6.0,3.0,C
7.0,3.0,C
8.0,3.0,C
9.0,3.0,C
10.0,3.0,C
11.0,3.0,C
12.0,3.0,C
13.0,3.0,C
14.0,3.0,C
15.0,3.0,C
16.0,3.0,C
17.0,3.0,C
18.0,3.0,C
19.0,3.0,C
20.0,3.0,C
21.0,3.0,C
22.0,3.0,C
23.0,3.0,C
24.0,3.0,C
25.0,3.0,C
26.0,3.0,C
27.0,3.0,C
28.0,3.0,C
29.0,3.0,C
30.0,3.0,C
31.0,3.0,C
32.0,3.0,C
33.0,3.0,C
34.0,3.0,C
35.0,3.0,C
36.0,3.0,C
37.0,3.0,C
38.0,3.0,C
39.0,3.0,C
40.0,3.0,C
41.0,3.0,C
42.0,3.0,C
43.0,3.0,C
44.0,3.0,C
45.0,3.0,C
46.0,3.0,C
47.0,3.0,C
48.0,3.0,C
49.0,3.0,C
50.0,3.0,C
51.0,3.0,C
52.0,3.0,C
53.0,3.0,C
54.0,3.0,C
55.0,3.0,C
56.0,3.0,C
57.0,3.0,C
58.0,3.0,C
59.0,3.0,C
60.0,3.0,C
61.0,3.0,C
62.0,3.0,C
63.0,3.0,C
64.0,3.0,C
1.0,3.0,C
2.0,3.0,C
3.0,3.0,C
4.0,3.0,C
5.0,3.0,C
6.0,3.0,C
7.0,3.0,C
8.0,3.0,C
9.0,3.0,C
10.0,3.0,C
11.0,3.0,C
12.0,3.0,C
13.0,3.0,C
14.0,3.0,C
15.0,3.0,C
16.0,3.0,C
17.0,3.0,C
18.0,3.0,C
19.0,3.0,C
20.0,3.0,C
21.0,3.0,C
22.0,3.0,C
23.0,3.0,C
24.0,3.0,C
25.0,3.0,C
26.0,3.0,C
27.0,3.0,C
28.0,3.0,C
29.0,3.0,C
30.0,3.0,C
31.0,3.0,C
32.0,3.0,C
33.0,3.0,C
34.0,3.0,C
35.0,3.0,C
36.0,3.0,C
37.0,3.0,C
38.0,3.0,C
39.0,3.0,C
40.0,3.0,C
41.0,3.0,C
42.0,3.0,C
43.0,3.0,C
44.0,3.0,C
45.0,3.0,C
46.0,3.0,C
47.0,3.0,C
48.0,3.0,C
49.0,3.0,C
50.0,3.0,C
51.0,3.0,C
52.0,3.0,C
53.0,3.0,C
54.0,3.0,C
55.0,3.0,C
56.0,3.0,C
57.0,3.0,C
58.0,3.0,C
59.0,3.0,C
60.0,3.0,C
61.0,3.0,C
62.0,3.0,C
63.0,3.0,C
64.0,3.0,C
1.0,3.0,C
2.0,3.0,C
3.0,3.0,C
4.0,3.0,C
5.0,3.0,C
6.0,3.0,C
7.0,3.0,C
8.0,3.0,C
9.0,3.0,C
10.0,3.0,C
11.0,3.0,C
12.0,3.0,C
13.0,3.0,C
14.0,3.0,C
15.0,3.0,C
16.0,3.0,C
17.0,3.0,C
18.0,3.0,C
19.0,3.0,C
20.0,3.0,C
21.0,3.0,C
22.0,3.0,C
23.0,3.0,C
24.0,3.0,C
25.0,3.0,C
26.0,3.0,C
27.0,3.0,C
28.0,3.0,C
29.0,3.0,C
30.0,3.0,C
31.0,3.0,C
32.0,3.0,C
33.0,3.0,C
34.0,3.0,C
35.0,3.0,C
36.0,3.0,C
37.0,3.0,C
38.0,3.0,C
39.0,3.0,C
40.0,3.0,C
41.0,3.0,C
42.0,3.0,C
43.0,3.0,C
44.0,3.0,C
45.0,3.0,C
46.0,3.0,C
47.0,3.0,C
48.0,3.0,C
49.0,3.0,C
50.0,3.0,C
51.0,3.0,C
52.0,3.0,C
53.0,3.0,C
54.0,3.0,C
55.0,3.0,C
56.0,3.0,C
57.0,3.0,C
58.0,3.0,C
59.0,3.0,C
60.0,3.0,C
61.0,3.0,C
62.0,3.0,C
63.0,3.0,C
64.0,3.0,C
1.0,3.0,C
2.0,3.0,C
3.0,3.0,C
4.0,3.0,C
5.0,3.0,C
6.0,3.0,C
7.0,3.0,C
8.0,3.0,C
9.0,3.0,C
10.0,3.0,C
11.0,3.0,C
12.0,3.0,C
13.0,3.0,C
14.0,3.0,C
15.0,3.0,C
16.0,3.0,C
17.0,3.0,C
18.0,3.0,C
19.0,3.0,C
20.0,3.0,C
21.0,3.0,C
22.0,3.0,C
23.0,3.0,C
24.0,3.0,C
25.0,3.0,C
26.0,3.0,C
27.0,3.0,C
28.0,3.0,C
29.0,3.0,C
30.0,3.0,C
31.0,3.0,C
32.0,3.0,C
33.0,3.0,C
34.0,3.0,C
35.0,3.0,C
36.0,3.0,C
37.0,3.0,C
38.0,3.0,C
39.0,3.0,C
40.0,3.0,C
41.0,3.0,C
42.0,3.0,C
43.0,3.0,C
44.0,3.0,C
45.0,3.0,C
46.0,3.0,C
47.0,3.0,C
48.0,3.0,C
49.0,3.0,C
50.0,3.0,C
51.0,3.0,C
52.0,3.0,C
53.0,3.0,C
54.0,3.0,C
55.0,3.0,C
56.0,3.0,C
57.0,3.0,C
58.0,3.0,C
59.0,3.0,C
60.0,3.0,C
61.0,3.0,C
62.0,3.0,C
63.0,3.0,C
64.0,3.0,C
1.0,3.0,C
2.0,3.0,C
3.0,3.0,C
4.0,3.0,C
5.0,3.0,C
6.0,3.0,C
7.0,3.0,C
8.0,3.0,C
9.0,3.0,C
10.0,3.0,C
11.0,3.0,C
12.0,3.0,C
13.0,3.0,C
14.0,3.0,C
15.0,3.0,C
16.0,3.0,C
17.0,3.0,C
18.0,3.0,C
19.0,3.0,C
20.0,3.0,C
21.0,3.0,C
22.0,3.0,C
23.0,3.0,C
24.0,3.0,C
25.0,3.0,C
26.0,3.0,C
27.0,3.0,C
28.0,3.0,C
29.0,3.0,C
30.0,3.0,C
31.0,3.0,C
32.0,3.0,C
33.0,3.0,C
34.0,3.0,C
35.0,3.0,C
36.0,3.0,C
37.0,3.0,C
38.0,3.0,C
39.0,3.0,C
40.0,3.0,C
41.0,3.0,C
42.0,3.0,C
43.0,3.0,C
44.0,3.0,C
45.0,3.0,C
46.0,3.0,C
47.0,3.0,C
48.0,3.0,C
49.0,3.0,C
50.0,3.0,C
51.0,3.0,C
52.0,3.0,C
53.0,3.0,C
54.0,3.0,C
55.0,3.0,C
56.0,3.0,C
57.0,3.0,C
58.0,3.0,C
59.0,3.0,C
60.0,3.0,C
61.0,3.0,C
62.0,3.0,C
63.0,3.0,C
64.0,3.0,C
1.0,3.0,C
2.0,3.0,C
3.0,3.0,C
4.0,3.0,C
5.0,3.0,C
6.0,3.0,C
7.0,3.0,C
8.0,3.0,C
9.0,3.0,C
10.0,3.0,C
11.0,3.0,C
12.0,3.0,C
13.0,3.0,C
14.0,3.0,C
15.0,3.0,C
16.0,3.0,C
17.0,3.0,C
18.0,3.0,C
19.0,3.0,C
20.0,3.0,C
21.0,3.0,C
22.0,3.0,C
23.0,3.0,C
24.0,3.0,C
25.0,3.0,C
26.0,3.0,C
27.0,3.0,C
28.0,3.0,C
29.0,3.0,C
30.0,3.0,C
31.0,3.0,C
32.0,3.0,C
33.0,3.0,C
34.0,3.0,C
35.0,3.0,C
36.0,3.0,C
37.0,3.0,C
38.0,3.0,C
39.0,3.0,C
40.0,3.0,C
41.0,3.0,C
42.0,3.0,C
43.0,3.0,C
44.0,3.0,C
45.0,3.0,C
46.0,3.0,C
47.0,3.0,C
48.0,3.0,C
49.0,3.0,C
50.0,3.0,C
51.0,3.0,C
52.0,3.0,C
53.0,3.0,C
54.0,3.0,C
55.0,3.0,C
56.0,3.0,C
57.0,3.0,C
58.0,3.0,C
59.0,3.0,C
60.0,3.0,C
61.0,3.0,C
62.0,3.0,C
63.0,3.0,C
64.0,3.0,C
1.0,3.0,C
2.0,3.0,C
3.0,3.0,C
4.0,3.0,C
5.0,3.0,C
6.0,3.0,C
7.0,3.0,C
8.0,3.0,C
9.0,3.0,C
10.0,3.0,C
11.0,3.0,C
12.0,3.0,C
13.0,3.0,C
14.0,3.0,C
15.0,3.0,C
16.0,3.0,C
17.0,3.0,C
18.0,3.0,C
19.0,3.0,C
20.0,3.0,C
21.0,3.0,C
22.0,3.0,C
23.0,3.0,C
24.0,3.0,C
25.0,3.0,C
26.0,3.0,C
27.0,3.0,C
28.0,3.0,C
29.0,3.0,C
30.0,3.0,C
31.0,3.0,C
32.0,3.0,C
33.0,3.0,C
34.0,3.0,C
35.0,3.0,C
36.0,3.0,C
37.0,3.0,C
38.0,3.0,C
39.0,3.0,C
40.0,3.0,C
41.0,3.0,C
42.0,3.0,C
43.0,3.0,C
44.0,3.0,C
45.0,3.0,C
46.0,3.0,C
47.0,3.0,C
48.0,3.0,C
49.0,3.0,C
50.0,3.0,C
51.0,3.0,C
52.0,3.0,C
53.0,3.0,C
54.0,3.0,C
55.0,3.0,C
56.0,3.0,C
57.0,3.0,C
58.0,3.0,C
59.0,3.0,C
60.0,3.0,C
61.0,3.0,C
62.0,3.0,C
63.0,3.0,C
64.0,3.0,C
1.0,3.0,C
2.0,3.0,C
3.0,3.0,C
4.0,3.0,C
5.0,3.0,C
6.0,3.0,C
7.0,3.0,C
8.0,3.0,C
9.0,3.0,C
10.0,3.0,C
11.0,3.0,C
12.0,3.0,C
13.0,3.0,C
14.0,3.0,C
15.0,3.0,C
16.0,3.0,C
17.0,3.0,C
18.0,3.0,C
19.0,3.0,C
20.0,3.0,C
21.0,3.0,C
22.0,3.0,C
23.0,3.0,C
24.0,3.0,C
25.0,3.0,C
26.0,3.0,C
27.0,3.0,C
28.0,3.0,C
29.0,3.0,C
30.0,3.0,C
31.0,3.0,C
32.0,3.0,C
33.0,3.0,C
34.0,3.0,C
35.0,3.0,C
36.0,3.0,C
37.0,3.0,C
38.0,3.0,C
39.0,3.0,C
40.0,3.0,C
41.0,3.0,C
42.0,3.0,C
43.0,3.0,C
44.0,3.0,C
45.0,3.0,C
46.0,3.0,C
47.0,3.0,C
48.0,3.0,C
49.0,3.0,C
50.0,3.0,C
51.0,3.0,C
52.0,3.0,C
53.0,3.0,C
54.0,3.0,C
55.0,3.0,C
56.0,3.0,C
57.0,3.0,C
58.0,3.0,C
59.0,3.0,C
60.0,3.0,C
61.0,3.0,C
62.0,3.0,C
63.0,3.0,C
64.0,3.0,C
1.0,3.0,C
2.0,3.0,C
3.0,3.0,C
4.0,3.0,C
5.0,3.0,C
6.0,3.0,C
7.0,3.0,C
8.0,3.0,C
9.0,3.0,C
10.0,3.0,C
11.0,3.0,C
12.0,3.0,C
13.0,3.0,C
14.0,3.0,C
15.0,3.0,C
16.0,3.0,C
17.0,3.0,C
18.0,3.0,C
19.0,3.0,C
20.0,3.0,C
21.0,3.0,C
22.0,3.0,C
23.0,3.0,C
24.0,3.0,C
25.0,3.0,C
26.0,3.0,C
27.0,3.0,C
28.0,3.0,C
29.0,3.0,C
30.0,3.0,C
31.0,3.0,C
32.0,3.0,C
33.0,3.0,C
34.0,3.0,C
35.0,3.0,C
36.0,3.0,C
37.0,3.0,C
38.0,3.0,C
39.0,3.0,C
40.0,3.0,C
41.0,3.0,C
42.0,3.0,C
43.0,3.0,C
44.0,3.0,C
45.0,3.0,C
46.0,3.0,C
47.0,3.0,C
48.0,3.0,C
49.0,3.0,C
50.0,3.0,C
51.0,3.0,C
52.0,3.0,C
53.0,3.0,C
54.0,3.0,C
55.0,3.0,C
56.0,3.0,C
57.0,3.0,C
58.0,3.0,C
59.0,3.0,C
60.0,3.0,C
61.0,3.0,C
62.0,3.0,C
63.0,3.0,C
64.0,3.0,C
1.0,4.0,C
2.0,4.0,C
3.0,4.0,C
4.0,4.0,C
5.0,4.0,C
6.0,4.0,C
7.0,4.0,C
8.0,4.0,C
9.0,4.0,C
10.0,4.0,C
11.0,4.0,C
12.0,4.0,C
13.0,4.0,C
14.0,4.0,C
15.0,4.0,C
16.0,4.0,C
17.0,4.0,C
18.0,4.0,C
19.0,4.0,C
20.0,4.0,C
21.0,4.0,C
22.0,4.0,C
23.0,4.0,C
24.0,4.0,C
25.0,4.0,C
26.0,4.0,C
27.0,4.0,C
28.0,4.0,C
29.0,4.0,C
30.0,4.0,C
31.0,4.0,C
32.0,4.0,C
33.0,4.0,C
34.0,4.0,C
35.0,4.0,C
36.0,4.0,C
37.0,4.0,C
38.0,4.0,C
39.0,4.0,C
40.0,4.0,C
41.0,4.0,C
42.0,4.0,C
43.0,4.0,C
44.0,4.0,C
45.0,4.0,C
46.0,4.0,C
47.0,4.0,C
48.0,4.0,C
49.0,4.0,C
50.0,4.0,C
51.0,4.0,C
52.0,4.0,C
53.0,4.0,C
54.0,4.0,C
55.0,4.0,C
56.0,4.0,C
57.0,4.0,C
58.0,4.0,C
59.0,4.0,C
60.0,4.0,C
61.0,4.0,C
62.0,4.0,C
63.0,4.0,C
64.0,4.0,C
1.0,4.0,C
2.0,4.0,C
3.0,4.0,C
4.0,4.0,C
5.0,4.0,C
6.0,4.0,C
7.0,4.0,C
8.0,4.0,C
9.0,4.0,C
10.0,4.0,C
11.0,4.0,C
12.0,4.0,C
13.0,4.0,C
14.0,4.0,C
15.0,4.0,C
16.0,4.0,C
17.0,4.0,C
18.0,4.0,C
19.0,4.0,C
20.0,4.0,C
21.0,4.0,C
22.0,4.0,C
23.0,4.0,C
24.0,4.0,C
25.0,4.0,C
26.0,4.0,C
27.0,4.0,C
28.0,4.0,C
29.0,4.0,C
30.0,4.0,C
31.0,4.0,C
32.0,4.0,C
33.0,4.0,C
34.0,4.0,C
35.0,4.0,C
36.0,4.0,C
37.0,4.0,C
38.0,4.0,C
39.0,4.0,C
40.0,4.0,C
41.0,4.0,C
42.0,4.0,C
43.0,4.0,C
44.0,4.0,C
45.0,4.0,C
46.0,4.0,C
47.0,4.0,C
48.0,4.0,C
49.0,4.0,C
50.0,4.0,C
51.0,4.0,C
52.0,4.0,C
53.0,4.0,C
54.0,4.0,C
55.0,4.0,C
56.0,4.0,C
57.0,4.0,C
58.0,4.0,C
59.0,4.0,C
60.0,4.0,C
61.0,4.0,C
62.0,4.0,C
63.0,4.0,C
64.0,4.0,C
1.0,4.0,C
2.0,4.0,C
3.0,4.0,C
4.0,4.0,C
5.0,4.0,C
6.0,4.0,C
7.0,4.0,C
8.0,4.0,C
9.0,4.0,C
10.0,4.0,C
11.0,4.0,C
12.0,4.0,C
13.0,4.0,C
14.0,4.0,C
15.0,4.0,C
16.0,4.0,C
17.0,4.0,C
18.0,4.0,C
19.0,4.0,C
20.0,4.0,C
21.0,4.0,C
22.0,4.0,C
23.0,4.0,C
24.0,4.0,C
25.0,4.0,C
26.0,4.0,C
27.0,4.0,C
28.0,4.0,C
29.0,4.0,C
30.0,4.0,C
31.0,4.0,C
32.0,4.0,C
33.0,4.0,C
34.0,4.0,C
35.0,4.0,C
36.0,4.0,C
37.0,4.0,C
38.0,4.0,C
39.0,4.0,C
40.0,4.0,C
41.0,4.0,C
42.0,4.0,C
43.0,4.0,C
44.0,4.0,C
45.0,4.0,C
46.0,4.0,C
47.0,4.0,C
48.0,4.0,C
49.0,4.0,C
50.0,4.0,C
51.0,4.0,C
52.0,4.0,C
53.0,4.0,C
54.0,4.0,C
55.0,4.0,C
56.0,4.0,C
57.0,4.0,C
58.0,4.0,C
59.0,4.0,C
60.0,4.0,C
61.0,4.0,C
62.0,4.0,C
63.0,4.0,C
64.0,4.0,C
1.0,4.0,C
2.0,4.0,C
3.0,4.0,C
4.0,4.0,C
5.0,4.0,C
6.0,4.0,C
7.0,4.0,C
8.0,4.0,C
9.0,4.0,C
10.0,4.0,C
11.0,4.0,C
12.0,4.0,C
13.0,4.0,C
14.0,4.0,C
15.0,4.0,C
16.0,4.0,C
17.0,4.0,C
18.0,4.0,C
19.0,4.0,C
20.0,4.0,C
21.0,4.0,C
22.0,4.0,C
23.0,4.0,C
24.0,4.0,C
25.0,4.0,C
26.0,4.0,C
27.0,4.0,C
28.0,4.0,C
29.0,4.0,C
30.0,4.0,C
31.0,4.0,C
32.0,4.0,C
33.0,4.0,C
34.0,4.0,C
35.0,4.0,C
36.0,4.0,C
37.0,4.0,C
38.0,4.0,C
39.0,4.0,C
40.0,4.0,C
41.0,4.0,C
42.0,4.0,C
43.0,4.0,C
44.0,4.0,C
45.0,4.0,C
46.0,4.0,C
47.0,4.0,C
48.0,4.0,C
49.0,4.0,C
50.0,4.0,C
51.0,4.0,C
52.0,4.0,C
53.0,4.0,C
54.0,4.0,C
55.0,4.0,C
56.0,4.0,C
57.0,4.0,C
58.0,4.0,C
59.0,4.0,C
60.0,4.0,C
61.0,4.0,C
62.0,4.0,C
63.0,4.0,C
64.0,4.0,C
1.0,4.0,C
2.0,4.0,C
3.0,4.0,C
4.0,4.0,C
5.0,4.0,C
6.0,4.0,C
7.0,4.0,C
8.0,4.0,C
9.0,4.0,C
10.0,4.0,C
11.0,4.0,C
12.0,4.0,C
13.0,4.0,C
14.0,4.0,C
15.0,4.0,C
16.0,4.0,C
17.0,4.0,C
18.0,4.0,C
19.0,4.0,C
20.0,4.0,C
21.0,4.0,C
22.0,4.0,C
23.0,4.0,C
24.0,4.0,C
25.0,4.0,C
26.0,4.0,C
27.0,4.0,C
28.0,4.0,C
29.0,4.0,C
30.0,4.0,C
31.0,4.0,C
32.0,4.0,C
33.0,4.0,C
34.0,4.0,C
35.0,4.0,C
36.0,4.0,C
37.0,4.0,C
38.0,4.0,C
39.0,4.0,C
40.0,4.0,C
41.0,4.0,C
42.0,4.0,C
43.0,4.0,C
44.0,4.0,C
45.0,4.0,C
46.0,4.0,C
47.0,4.0,C
48.0,4.0,C
49.0,4.0,C
50.0,4.0,C
51.0,4.0,C
52.0,4.0,C
53.0,4.0,C
54.0,4.0,C
55.0,4.0,C
56.0,4.0,C
57.0,4.0,C
58.0,4.0,C
59.0,4.0,C
60.0,4.0,C
61.0,4.0,C
62.0,4.0,C
63.0,4.0,C
64.0,4.0,C
1.0,4.0,C
2.0,4.0,C
3.0,4.0,C
4.0,4.0,C
5.0,4.0,C
6.0,4.0,C
7.0,4.0,C
8.0,4.0,C
9.0,4.0,C
10.0,4.0,C
11.0,4.0,C
12.0,4.0,C
13.0,4.0,C
14.0,4.0,C
15.0,4.0,C
16.0,4.0,C
17.0,4.0,C
18.0,4.0,C
19.0,4.0,C
20.0,4.0,C
21.0,4.0,C
22.0,4.0,C
23.0,4.0,C
24.0,4.0,C
25.0,4.0,C
26.0,4.0,C
27.0,4.0,C
28.0,4.0,C
29.0,4.0,C
30.0,4.0,C
31.0,4.0,C
32.0,4.0,C
33.0,4.0,C
34.0,4.0,C
35.0,4.0,C
36.0,4.0,C
37.0,4.0,C
38.0,4.0,C
39.0,4.0,C
40.0,4.0,C
41.0,4.0,C
42.0,4.0,C
43.0,4.0,C
44.0,4.0,C
45.0,4.0,C
46.0,4.0,C
47.0,4.0,C
48.0,4.0,C
49.0,4.0,C
50.0,4.0,C
51.0,4.0,C
52.0,4.0,C
53.0,4.0,C
54.0,4.0,C
55.0,4.0,C
56.0,4.0,C
57.0,4.0,C
58.0,4.0,C
59.0,4.0,C
60.0,4.0,C
61.0,4.0,C
62.0,4.0,C
63.0,4.0,C
64.0,4.0,C
1.0,4.0,C
2.0,4.0,C
3.0,4.0,C
4.0,4.0,C
5.0,4.0,C
6.0,4.0,C
7.0,4.0,C
8.0,4.0,C
9.0,4.0,C
10.0,4.0,C
11.0,4.0,C
12.0,4.0,C
13.0,4.0,C
14.0,4.0,C
15.0,4.0,C
16.0,4.0,C
17.0,4.0,C
18.0,4.0,C
19.0,4.0,C
20.0,4.0,C
21.0,4.0,C
22.0,4.0,C
23.0,4.0,C
24.0,4.0,C
25.0,4.0,C
26.0,4.0,C
27.0,4.0,C
28.0,4.0,C
29.0,4.0,C
30.0,4.0,C
31.0,4.0,C
32.0,4.0,C
33.0,4.0,C
34.0,4.0,C
35.0,4.0,C
36.0,4.0,C
37.0,4.0,C
38.0,4.0,C
39.0,4.0,C
40.0,4.0,C
41.0,4.0,C
42.0,4.0,C
43.0,4.0,C
44.0,4.0,C
45.0,4.0,C
46.0,4.0,C
47.0,4.0,C
48.0,4.0,C
49.0,4.0,C
50.0,4.0,C
51.0,4.0,C
52.0,4.0,C
53.0,4.0,C
54.0,4.0,C
55.0,4.0,C
56.0,4.0,C
57.0,4.0,C
58.0,4.0,C
59.0,4.0,C
60.0,4.0,C
61.0,4.0,C
62.0,4.0,C
63.0,4.0,C
64.0,4.0,C
1.0,4.0,C
2.0,4.0,C
3.0,4.0,C
4.0,4.0,C
5.0,4.0,C
6.0,4.0,C
7.0,4.0,C
8.0,4.0,C
9.0,4.0,C
10.0,4.0,C
11.0,4.0,C
12.0,4.0,C
13.0,4.0,C
14.0,4.0,C
15.0,4.0,C
16.0,4.0,C
17.0,4.0,C
18.0,4.0,C
19.0,4.0,C
20.0,4.0,C
21.0,4.0,C
22.0,4.0,C
23.0,4.0,C
24.0,4.0,C
25.0,4.0,C
26.0,4.0,C
27.0,4.0,C
28.0,4.0,C
29.0,4.0,C
30.0,4.0,C
31.0,4.0,C
32.0,4.0,C
33.0,4.0,C
34.0,4.0,C
35.0,4.0,C
36.0,4.0,C
37.0,4.0,C
38.0,4.0,C
39.0,4.0,C
40.0,4.0,C
41.0,4.0,C
42.0,4.0,C
43.0,4.0,C
44.0,4.0,C
45.0,4.0,C
46.0,4.0,C
47.0,4.0,C
48.0,4.0,C
49.0,4.0,C
50.0,4.0,C
51.0,4.0,C
52.0,4.0,C
53.0,4.0,C
54.0,4.0,C
55.0,4.0,C
56.0,4.0,C
57.0,4.0,C
58.0,4.0,C
59.0,4.0,C
60.0,4.0,C
61.0,4.0,C
62.0,4.0,C
63.0,4.0,C
64.0,4.0,C
1.0,4.0,C
2.0,4.0,C
3.0,4.0,C
4.0,4.0,C
5.0,4.0,C
6.0,4.0,C
7.0,4.0,C
8.0,4.0,C
9.0,4.0,C
10.0,4.0,C
11.0,4.0,C
12.0,4.0,C
13.0,4.0,C
14.0,4.0,C
15.0,4.0,C
16.0,4.0,C
17.0,4.0,C
18.0,4.0,C
19.0,4.0,C
20.0,4.0,C
21.0,4.0,C
22.0,4.0,C
23.0,4.0,C
24.0,4.0,C
25.0,4.0,C
26.0,4.0,C
27.0,4.0,C
28.0,4.0,C
29.0,4.0,C
30.0,4.0,C
31.0,4.0,C
32.0,4.0,C
33.0,4.0,C
34.0,4.0,C
35.0,4.0,C
36.0,4.0,C
37.0,4.0,C
38.0,4.0,C
39.0,4.0,C
40.0,4.0,C
41.0,4.0,C
42.0,4.0,C
43.0,4.0,C
44.0,4.0,C
45.0,4.0,C
46.0,4.0,C
47.0,4.0,C
48.0,4.0,C
49.0,4.0,C
50.0,4.0,C
51.0,4.0,C
52.0,4.0,C
53.0,4.0,C
54.0,4.0,C
55.0,4.0,C
56.0,4.0,C
57.0,4.0,C
58.0,4.0,C
59.0,4.0,C
60.0,4.0,C
61.0,4.0,C
62.0,4.0,C
63.0,4.0,C
64.0,4.0,C
1.0,4.0,C
2.0,4.0,C
3.0,4.0,C
4.0,4.0,C
5.0,4.0,C
6.0,4.0,C
7.0,4.0,C
8.0,4.0,C
9.0,4.0,C
10.0,4.0,C
11.0,4.0,C
12.0,4.0,C
13.0,4.0,C
14.0,4.0,C
15.0,4.0,C
16.0,4.0,C
17.0,4.0,C
18.0,4.0,C
19.0,4.0,C
20.0,4.0,C
21.0,4.0,C
22.0,4.0,C
23.0,4.0,C
24.0,4.0,C
25.0,4.0,C
26.0,4.0,C
27.0,4.0,C
28.0,4.0,C
29.0,4.0,C
30.0,4.0,C
31.0,4.0,C
32.0,4.0,C
33.0,4.0,C
34.0,4.0,C
35.0,4.0,C
36.0,4.0,C
37.0,4.0,C
38.0,4.0,C
39.0,4.0,C
40.0,4.0,C
41.0,4.0,C
42.0,4.0,C
43.0,4.0,C
44.0,4.0,C
45.0,4.0,C
46.0,4.0,C
47.0,4.0,C
48.0,4.0,C
49.0,4.0,C
50.0,4.0,C
51.0,4.0,C
52.0,4.0,C
53.0,4.0,C
54.0,4.0,C
55.0,4.0,C
56.0,4.0,C
57.0,4.0,C
58.0,4.0,C
59.0,4.0,C
60.0,4.0,C
61.0,4.0,C
62.0,4.0,C
63.0,4.0,C
64.0,4.0,C
1.0,5.0,C
2.0,5.0,C
3.0,5.0,C
4.0,5.0,C
5.0,5.0,C
6.0,5.0,C
7.0,5.0,C
8.0,5.0,C
9.0,5.0,C
10.0,5.0,C
11.0,5.0,C
12.0,5.0,C
13.0,5.0,C
14.0,5.0,C
15.0,5.0,C
16.0,5.0,C
17.0,5.0,C
18.0,5.0,C
19.0,5.0,C
20.0,5.0,C
21.0,5.0,C
22.0,5.0,C
23.0,5.0,C
24.0,5.0,C
25.0,5.0,C
26.0,5.0,C
27.0,5.0,C
28.0,5.0,C
29.0,5.0,C
30.0,5.0,C
31.0,5.0,C
32.0,5.0,C
33.0,5.0,C
34.0,5.0,C
35.0,5.0,C
36.0,5.0,C
37.0,5.0,C
38.0,5.0,C
39.0,5.0,C
40.0,5.0,C
41.0,5.0,C
42.0,5.0,C
43.0,5.0,C
44.0,5.0,C
45.0,5.0,C
46.0,5.0,C
47.0,5.0,C
48.0,5.0,C
49.0,5.0,C
50.0,5.0,C
51.0,5.0,C
52.0,5.0,C
53.0,5.0,C
54.0,5.0,C
55.0,5.0,C
56.0,5.0,C
57.0,5.0,C
58.0,5.0,C
59.0,5.0,C
60.0,5.0,C
61.0,5.0,C
62.0,5.0,C
63.0,5.0,C
64.0,5.0,C
1.0,5.0,C
2.0,5.0,C
3.0,5.0,C
4.0,5.0,C
5.0,5.0,C
6.0,5.0,C
7.0,5.0,C
8.0,5.0,C
9.0,5.0,C
10.0,5.0,C
11.0,5.0,C
12.0,5.0,C
13.0,5.0,C
14.0,5.0,C
15.0,5.0,C
16.0,5.0,C
17.0,5.0,C
18.0,5.0,C
19.0,5.0,C
20.0,5.0,C
21.0,5.0,C
22.0,5.0,C
23.0,5.0,C
24.0,5.0,C
25.0,5.0,C
26.0,5.0,C
27.0,5.0,C
28.0,5.0,C
29.0,5.0,C
30.0,5.0,C
31.0,5.0,C
32.0,5.0,C
33.0,5.0,C
34.0,5.0,C
35.0,5.0,C
36.0,5.0,C
37.0,5.0,C
38.0,5.0,C
39.0,5.0,C
40.0,5.0,C
41.0,5.0,C
42.0,5.0,C
43.0,5.0,C
44.0,5.0,C
45.0,5.0,C
46.0,5.0,C
47.0,5.0,C
48.0,5.0,C
49.0,5.0,C
50.0,5.0,C
51.0,5.0,C
52.0,5.0,C
53.0,5.0,C
54.0,5.0,C
55.0,5.0,C
56.0,5.0,C
57.0,5.0,C
58.0,5.0,C
59.0,5.0,C
60.0,5.0,C
61.0,5.0,C
62.0,5.0,C
63.0,5.0,C
64.0,5.0,C
1.0,5.0,C
2.0,5.0,C
3.0,5.0,C
4.0,5.0,C
5.0,5.0,C
6.0,5.0,C
7.0,5.0,C
8.0,5.0,C
9.0,5.0,C
10.0,5.0,C
11.0,5.0,C
12.0,5.0,C
13.0,5.0,C
14.0,5.0,C
15.0,5.0,C
16.0,5.0,C
17.0,5.0,C
18.0,5.0,C
19.0,5.0,C
20.0,5.0,C
21.0,5.0,C
22.0,5.0,C
23.0,5.0,C
24.0,5.0,C
25.0,5.0,C
26.0,5.0,C
27.0,5.0,C
28.0,5.0,C
29.0,5.0,C
30.0,5.0,C
31.0,5.0,C
32.0,5.0,C
33.0,5.0,C
34.0,5.0,C
35.0,5.0,C
36.0,5.0,C
37.0,5.0,C
38.0,5.0,C
39.0,5.0,C
40.0,5.0,C
41.0,5.0,C
42.0,5.0,C
43.0,5.0,C
44.0,5.0,C
45.0,5.0,C
46.0,5.0,C
47.0,5.0,C
48.0,5.0,C
49.0,5.0,C
50.0,5.0,C
51.0,5.0,C
52.0,5.0,C
53.0,5.0,C
54.0,5.0,C
55.0,5.0,C
56.0,5.0,C
57.0,5.0,C
58.0,5.0,C
59.0,5.0,C
60.0,5.0,C
61.0,5.0,C
62.0,5.0,C
63.0,5.0,C
64.0,5.0,C
1.0,5.0,C
2.0,5.0,C
3.0,5.0,C
4.0,5.0,C
5.0,5.0,C
6.0,5.0,C
7.0,5.0,C
8.0,5.0,C
9.0,5.0,C
10.0,5.0,C
11.0,5.0,C
12.0,5.0,C
13.0,5.0,C
14.0,5.0,C
15.0,5.0,C
16.0,5.0,C
17.0,5.0,C
18.0,5.0,C
19.0,5.0,C
20.0,5.0,C
21.0,5.0,C
22.0,5.0,C
23.0,5.0,C
24.0,5.0,C
25.0,5.0,C
26.0,5.0,C
27.0,5.0,C
28.0,5.0,C
29.0,5.0,C
30.0,5.0,C
31.0,5.0,C
32.0,5.0,C
33.0,5.0,C
34.0,5.0,C
35.0,5.0,C
36.0,5.0,C
37.0,5.0,C
38.0,5.0,C
39.0,5.0,C
40.0,5.0,C
41.0,5.0,C
42.0,5.0,C
43.0,5.0,C
44.0,5.0,C
45.0,5.0,C
46.0,5.0,C
47.0,5.0,C
48.0,5.0,C
49.0,5.0,C
50.0,5.0,C
51.0,5.0,C
52.0,5.0,C
53.0,5.0,C
54.0,5.0,C
55.0,5.0,C
56.0,5.0,C
57.0,5.0,C
58.0,5.0,C
59.0,5.0,C
60.0,5.0,C
61.0,5.0,C
62.0,5.0,C
63.0,5.0,C
64.0,5.0,C
1.0,5.0,C
2.0,5.0,C
3.0,5.0,C
4.0,5.0,C
5.0,5.0,C
6.0,5.0,C
7.0,5.0,C
8.0,5.0,C
9.0,5.0,C
10.0,5.0,C
11.0,5.0,C
12.0,5.0,C
13.0,5.0,C
14.0,5.0,C
15.0,5.0,C
16.0,5.0,C
17.0,5.0,C
18.0,5.0,C
19.0,5.0,C
20.0,5.0,C
21.0,5.0,C
22.0,5.0,C
23.0,5.0,C
24.0,5.0,C
25.0,5.0,C
26.0,5.0,C
27.0,5.0,C
28.0,5.0,C
29.0,5.0,C
30.0,5.0,C
31.0,5.0,C
32.0,5.0,C
33.0,5.0,C
34.0,5.0,C
35.0,5.0,C
36.0,5.0,C
37.0,5.0,C
38.0,5.0,C
39.0,5.0,C
40.0,5.0,C
41.0,5.0,C
42.0,5.0,C
43.0,5.0,C
44.0,5.0,C
45.0,5.0,C
46.0,5.0,C
47.0,5.0,C
48.0,5.0,C
49.0,5.0,C
50.0,5.0,C
51.0,5.0,C
52.0,5.0,C
53.0,5.0,C
54.0,5.0,C
55.0,5.0,C
56.0,5.0,C
57.0,5.0,C
58.0,5.0,C
59.0,5.0,C
60.0,5.0,C
61.0,5.0,C
62.0,5.0,C
63.0,5.0,C
64.0,5.0,C
1.0,5.0,C
2.0,5.0,C
3.0,5.0,C
4.0,5.0,C
5.0,5.0,C
6.0,5.0,C
7.0,5.0,C
8.0,5.0,C
9.0,5.0,C
10.0,5.0,C
11.0,5.0,C
12.0,5.0,C
13.0,5.0,C
14.0,5.0,C
15.0,5.0,C
16.0,5.0,C
17.0,5.0,C
18.0,5.0,C
19.0,5.0,C
20.0,5.0,C
21.0,5.0,C
22.0,5.0,C
23.0,5.0,C
24.0,5.0,C
25.0,5.0,C
26.0,5.0,C
27.0,5.0,C
28.0,5.0,C
29.0,5.0,C
30.0,5.0,C
31.0,5.0,C
32.0,5.0,C
33.0,5.0,C
34.0,5.0,C
35.0,5.0,C
36.0,5.0,C
37.0,5.0,C
38.0,5.0,C
39.0,5.0,C
40.0,5.0,C
41.0,5.0,C
42.0,5.0,C
43.0,5.0,C
44.0,5.0,C
45.0,5.0,C
46.0,5.0,C
47.0,5.0,C
48.0,5.0,C
49.0,5.0,C
50.0,5.0,C
51.0,5.0,C
52.0,5.0,C
53.0,5.0,C
54.0,5.0,C
55.0,5.0,C
56.0,5.0,C
57.0,5.0,C
58.0,5.0,C
59.0,5.0,C
60.0,5.0,C
61.0,5.0,C
62.0,5.0,C
63.0,5.0,C
64.0,5.0,C
1.0,5.0,C
2.0,5.0,C
3.0,5.0,C
4.0,5.0,C
5.0,5.0,C
6.0,5.0,C
7.0,5.0,C
8.0,5.0,C
9.0,5.0,C
10.0,5.0,C
11.0,5.0,C
12.0,5.0,C
13.0,5.0,C
14.0,5.0,C
15.0,5.0,C
16.0,5.0,C
17.0,5.0,C
18.0,5.0,C
19.0,5.0,C
20.0,5.0,C
21.0,5.0,C
22.0,5.0,C
23.0,5.0,C
24.0,5.0,C
25.0,5.0,C
26.0,5.0,C
27.0,5.0,C
28.0,5.0,C
29.0,5.0,C
30.0,5.0,C
31.0,5.0,C
32.0,5.0,C
33.0,5.0,C
34.0,5.0,C
35.0,5.0,C
36.0,5.0,C
37.0,5.0,C
38.0,5.0,C
39.0,5.0,C
40.0,5.0,C
41.0,5.0,C
42.0,5.0,C
43.0,5.0,C
44.0,5.0,C
45.0,5.0,C
46.0,5.0,C
47.0,5.0,C
48.0,5.0,C
49.0,5.0,C
50.0,5.0,C
51.0,5.0,C
52.0,5.0,C
53.0,5.0,C
54.0,5.0,C
55.0,5.0,C
56.0,5.0,C
57.0,5.0,C
58.0,5.0,C
59.0,5.0,C
60.0,5.0,C
61.0,5.0,C
62.0,5.0,C
63.0,5.0,C
64.0,5.0,C
1.0,5.0,C
2.0,5.0,C
3.0,5.0,C
4.0,5.0,C
5.0,5.0,C
6.0,5.0,C
7.0,5.0,C
8.0,5.0,C
9.0,5.0,C
10.0,5.0,C
11.0,5.0,C
12.0,5.0,C
13.0,5.0,C
14.0,5.0,C
15.0,5.0,C
16.0,5.0,C
17.0,5.0,C
18.0,5.0,C
19.0,5.0,C
20.0,5.0,C
21.0,5.0,C
22.0,5.0,C
23.0,5.0,C
24.0,5.0,C
25.0,5.0,C
26.0,5.0,C
27.0,5.0,C
28.0,5.0,C
29.0,5.0,C
30.0,5.0,C
31.0,5.0,C
32.0,5.0,C
33.0,5.0,C
34.0,5.0,C
35.0,5.0,C
36.0,5.0,C
37.0,5.0,C
38.0,5.0,C
39.0,5.0,C
40.0,5.0,C
41.0,5.0,C
42.0,5.0,C
43.0,5.0,C
44.0,5.0,C
45.0,5.0,C
46.0,5.0,C
47.0,5.0,C
48.0,5.0,C
49.0,5.0,C
50.0,5.0,C
51.0,5.0,C
52.0,5.0,C
53.0,5.0,C
54.0,5.0,C
55.0,5.0,C
56.0,5.0,C
57.0,5.0,C
58.0,5.0,C
59.0,5.0,C
60.0,5.0,C
61.0,5.0,C
62.0,5.0,C
63.0,5.0,C
64.0,5.0,C
1.0,5.0,C
2.0,5.0,C
3.0,5.0,C
4.0,5.0,C
5.0,5.0,C
6.0,5.0,C
7.0,5.0,C
8.0,5.0,C
9.0,5.0,C
10.0,5.0,C
11.0,5.0,C
12.0,5.0,C
13.0,5.0,C
14.0,5.0,C
15.0,5.0,C
16.0,5.0,C
17.0,5.0,C
18.0,5.0,C
19.0,5.0,C
20.0,5.0,C
21.0,5.0,C
22.0,5.0,C
23.0,5.0,C
24.0,5.0,C
25.0,5.0,C
26.0,5.0,C
27.0,5.0,C
28.0,5.0,C
29.0,5.0,C
30.0,5.0,C
31.0,5.0,C
32.0,5.0,C
33.0,5.0,C
34.0,5.0,C
35.0,5.0,C
36.0,5.0,C
37.0,5.0,C
38.0,5.0,C
39.0,5.0,C
40.0,5.0,C
41.0,5.0,C
42.0,5.0,C
43.0,5.0,C
44.0,5.0,C
45.0,5.0,C
46.0,5.0,C
47.0,5.0,C
48.0,5.0,C
49.0,5.0,C
50.0,5.0,C
51.0,5.0,C
52.0,5.0,C
53.0,5.0,C
54.0,5.0,C
55.0,5.0,C
56.0,5.0,C
57.0,5.0,C
58.0,5.0,C
59.0,5.0,C
60.0,5.0,C
61.0,5.0,C
62.0,5.0,C
63.0,5.0,C
64.0,5.0,C
1.0,5.0,C
2.0,5.0,C
3.0,5.0,C
4.0,5.0,C
5.0,5.0,C
6.0,5.0,C
7.0,5.0,C
8.0,5.0,C
9.0,5.0,C
10.0,5.0,C
11.0,5.0,C
12.0,5.0,C
13.0,5.0,C
14.0,5.0,C
15.0,5.0,C
16.0,5.0,C
17.0,5.0,C
18.0,5.0,C
19.0,5.0,C
20.0,5.0,C
21.0,5.0,C
22.0,5.0,C
23.0,5.0,C
24.0,5.0,C
25.0,5.0,C
26.0,5.0,C
27.0,5.0,C
28.0,5.0,C
29.0,5.0,C
30.0,5.0,C
31.0,5.0,C
32.0,5.0,C
33.0,5.0,C
34.0,5.0,C
35.0,5.0,C
36.0,5.0,C
37.0,5.0,C
38.0,5.0,C
39.0,5.0,C
40.0,5.0,C
41.0,5.0,C
42.0,5.0,C
43.0,5.0,C
44.0,5.0,C
45.0,5.0,C
46.0,5.0,C
47.0,5.0,C
48.0,5.0,C
49.0,5.0,C
50.0,5.0,C
51.0,5.0,C
52.0,5.0,C
53.0,5.0,C
54.0,5.0,C
55.0,5.0,C
56.0,5.0,C
57.0,5.0,C
58.0,5.0,C
59.0,5.0,C
60.0,5.0,C
61.0,5.0,C
62.0,5.0,C
63.0,5.0,C
64.0,5.0,C
1.0,6.0,C
2.0,6.0,C
3.0,6.0,C
4.0,6.0,C
5.0,6.0,C
6.0,6.0,C
7.0,6.0,C
8.0,6.0,C
9.0,6.0,C
10.0,6.0,C
11.0,6.0,C
12.0,6.0,C
13.0,6.0,C
14.0,6.0,C
15.0,6.0,C
16.0,6.0,C
17.0,6.0,C
18.0,6.0,C
19.0,6.0,C
20.0,6.0,C
21.0,6.0,C
22.0,6.0,C
23.0,6.0,C
24.0,6.0,C
25.0,6.0,C
26.0,6.0,C
27.0,6.0,C
28.0,6.0,C
29.0,6.0,C
30.0,6.0,C
31.0,6.0,C
32.0,6.0,C
33.0,6.0,C
34.0,6.0,C
35.0,6.0,C
36.0,6.0,C
37.0,6.0,C
38.0,6.0,C
39.0,6.0,C
40.0,6.0,C
41.0,6.0,C
42.0,6.0,C
43.0,6.0,C
44.0,6.0,C
45.0,6.0,C
46.0,6.0,C
47.0,6.0,C
48.0,6.0,C
49.0,6.0,C
50.0,6.0,C
51.0,6.0,C
52.0,6.0,C
53.0,6.0,C
54.0,6.0,C
55.0,6.0,C
56.0,6.0,C
57.0,6.0,C
58.0,6.0,C
59.0,6.0,C
60.0,6.0,C
61.0,6.0,C
62.0,6.0,C
63.0,6.0,C
64.0,6.0,C
1.0,6.0,C
2.0,6.0,C
3.0,6.0,C
4.0,6.0,C
5.0,6.0,C
6.0,6.0,C
7.0,6.0,C
8.0,6.0,C
9.0,6.0,C
10.0,6.0,C
11.0,6.0,C
12.0,6.0,C
13.0,6.0,C
14.0,6.0,C
15.0,6.0,C
16.0,6.0,C
17.0,6.0,C
18.0,6.0,C
19.0,6.0,C
20.0,6.0,C
21.0,6.0,C
22.0,6.0,C
23.0,6.0,C
24.0,6.0,C
25.0,6.0,C
26.0,6.0,C
27.0,6.0,C
28.0,6.0,C
29.0,6.0,C
30.0,6.0,C
31.0,6.0,C
32.0,6.0,C
33.0,6.0,C
34.0,6.0,C
35.0,6.0,C
36.0,6.0,C
37.0,6.0,C
38.0,6.0,C
39.0,6.0,C
40.0,6.0,C
41.0,6.0,C
42.0,6.0,C
43.0,6.0,C
44.0,6.0,C
45.0,6.0,C
46.0,6.0,C
47.0,6.0,C
48.0,6.0,C
49.0,6.0,C
50.0,6.0,C
51.0,6.0,C
52.0,6.0,C
53.0,6.0,C
54.0,6.0,C
55.0,6.0,C
56.0,6.0,C
57.0,6.0,C
58.0,6.0,C
59.0,6.0,C
60.0,6.0,C
61.0,6.0,C
62.0,6.0,C
63.0,6.0,C
64.0,6.0,C
1.0,6.0,C
2.0,6.0,C
3.0,6.0,C
4.0,6.0,C
5.0,6.0,C
6.0,6.0,C
7.0,6.0,C
8.0,6.0,C
9.0,6.0,C
10.0,6.0,C
11.0,6.0,C
12.0,6.0,C
13.0,6.0,C
14.0,6.0,C
15.0,6.0,C
16.0,6.0,C
17.0,6.0,C
18.0,6.0,C
19.0,6.0,C
20.0,6.0,C
21.0,6.0,C
22.0,6.0,C
23.0,6.0,C
24.0,6.0,C
25.0,6.0,C
26.0,6.0,C
27.0,6.0,C
28.0,6.0,C
29.0,6.0,C
30.0,6.0,C
31.0,6.0,C
32.0,6.0,C
33.0,6.0,C
34.0,6.0,C
35.0,6.0,C
36.0,6.0,C
37.0,6.0,C
38.0,6.0,C
39.0,6.0,C
40.0,6.0,C
41.0,6.0,C
42.0,6.0,C
43.0,6.0,C
44.0,6.0,C
45.0,6.0,C
46.0,6.0,C
47.0,6.0,C
48.0,6.0,C
49.0,6.0,C
50.0,6.0,C
51.0,6.0,C
52.0,6.0,C
53.0,6.0,C
54.0,6.0,C
55.0,6.0,C
56.0,6.0,C
57.0,6.0,C
58.0,6.0,C
59.0,6.0,C
60.0,6.0,C
61.0,6.0,C
62.0,6.0,C
63.0,6.0,C
64.0,6.0,C
1.0,6.0,C
2.0,6.0,C
3.0,6.0,C
4.0,6.0,C
5.0,6.0,C
6.0,6.0,C
7.0,6.0,C
8.0,6.0,C
9.0,6.0,C
10.0,6.0,C
11.0,6.0,C
12.0,6.0,C
13.0,6.0,C
14.0,6.0,C
15.0,6.0,C
16.0,6.0,C
17.0,6.0,C
18.0,6.0,C
19.0,6.0,C
20.0,6.0,C
21.0,6.0,C
22.0,6.0,C
23.0,6.0,C
24.0,6.0,C
25.0,6.0,C
26.0,6.0,C
27.0,6.0,C
28.0,6.0,C
29.0,6.0,C
30.0,6.0,C
31.0,6.0,C
32.0,6.0,C
33.0,6.0,C
34.0,6.0,C
35.0,6.0,C
36.0,6.0,C
37.0,6.0,C
38.0,6.0,C
39.0,6.0,C
40.0,6.0,C
41.0,6.0,C
42.0,6.0,C
43.0,6.0,C
44.0,6.0,C
45.0,6.0,C
46.0,6.0,C
47.0,6.0,C
48.0,6.0,C
49.0,6.0,C
50.0,6.0,C
51.0,6.0,C
52.0,6.0,C
53.0,6.0,C
54.0,6.0,C
55.0,6.0,C
56.0,6.0,C
57.0,6.0,C
58.0,6.0,C
59.0,6.0,C
60.0,6.0,C
61.0,6.0,C
62.0,6.0,C
63.0,6.0,C
64.0,6.0,C
1.0,6.0,C
2.0,6.0,C
3.0,6.0,C
4.0,6.0,C
5.0,6.0,C
6.0,6.0,C
7.0,6.0,C
8.0,6.0,C
9.0,6.0,C
10.0,6.0,C
11.0,6.0,C
12.0,6.0,C
13.0,6.0,C
14.0,6.0,C
15.0,6.0,C
16.0,6.0,C
17.0,6.0,C
18.0,6.0,C
19.0,6.0,C
20.0,6.0,C
21.0,6.0,C
22.0,6.0,C
23.0,6.0,C
24.0,6.0,C
25.0,6.0,C
26.0,6.0,C
27.0,6.0,C
28.0,6.0,C
29.0,6.0,C
30.0,6.0,C
31.0,6.0,C
32.0,6.0,C
33.0,6.0,C
34.0,6.0,C
35.0,6.0,C
36.0,6.0,C
37.0,6.0,C
38.0,6.0,C
39.0,6.0,C
40.0,6.0,C
41.0,6.0,C
42.0,6.0,C
43.0,6.0,C
44.0,6.0,C
45.0,6.0,C
46.0,6.0,C
47.0,6.0,C
48.0,6.0,C
49.0,6.0,C
50.0,6.0,C
51.0,6.0,C
52.0,6.0,C
53.0,6.0,C
54.0,6.0,C
55.0,6.0,C
56.0,6.0,C
57.0,6.0,C
58.0,6.0,C
59.0,6.0,C
60.0,6.0,C
61.0,6.0,C
62.0,6.0,C
63.0,6.0,C
64.0,6.0,C
1.0,6.0,C
2.0,6.0,C
3.0,6.0,C
4.0,6.0,C
5.0,6.0,C
6.0,6.0,C
7.0,6.0,C
8.0,6.0,C
9.0,6.0,C
10.0,6.0,C
11.0,6.0,C
12.0,6.0,C
13.0,6.0,C
14.0,6.0,C
15.0,6.0,C
16.0,6.0,C
17.0,6.0,C
18.0,6.0,C
19.0,6.0,C
20.0,6.0,C
21.0,6.0,C
22.0,6.0,C
23.0,6.0,C
24.0,6.0,C
25.0,6.0,C
26.0,6.0,C
27.0,6.0,C
28.0,6.0,C
29.0,6.0,C
30.0,6.0,C
31.0,6.0,C
32.0,6.0,C
33.0,6.0,C
34.0,6.0,C
35.0,6.0,C
36.0,6.0,C
37.0,6.0,C
38.0,6.0,C
39.0,6.0,C
40.0,6.0,C
41.0,6.0,C
42.0,6.0,C
43.0,6.0,C
44.0,6.0,C
45.0,6.0,C
46.0,6.0,C
47.0,6.0,C
48.0,6.0,C
49.0,6.0,C
50.0,6.0,C
51.0,6.0,C
52.0,6.0,C
53.0,6.0,C
54.0,6.0,C
55.0,6.0,C
56.0,6.0,C
57.0,6.0,C
58.0,6.0,C
59.0,6.0,C
60.0,6.0,C
61.0,6.0,C
62.0,6.0,C
63.0,6.0,C
64.0,6.0,C
1.0,6.0,C
2.0,6.0,C
3.0,6.0,C
4.0,6.0,C
5.0,6.0,C
6.0,6.0,C
7.0,6.0,C
8.0,6.0,C
9.0,6.0,C
10.0,6.0,C
11.0,6.0,C
12.0,6.0,C
13.0,6.0,C
14.0,6.0,C
15.0,6.0,C
16.0,6.0,C
17.0,6.0,C
18.0,6.0,C
19.0,6.0,C
20.0,6.0,C
21.0,6.0,C
22.0,6.0,C
23.0,6.0,C
24.0,6.0,C
25.0,6.0,C
26.0,6.0,C
27.0,6.0,C
28.0,6.0,C
29.0,6.0,C
30.0,6.0,C
31.0,6.0,C
32.0,6.0,C
33.0,6.0,C
34.0,6.0,C
35.0,6.0,C
36.0,6.0,C
37.0,6.0,C
38.0,6.0,C
39.0,6.0,C
40.0,6.0,C
41.0,6.0,C
42.0,6.0,C
43.0,6.0,C
44.0,6.0,C
45.0,6.0,C
46.0,6.0,C
47.0,6.0,C
48.0,6.0,C
49.0,6.0,C
50.0,6.0,C
51.0,6.0,C
52.0,6.0,C
53.0,6.0,C
54.0,6.0,C
55.0,6.0,C
56.0,6.0,C
57.0,6.0,C
58.0,6.0,C
59.0,6.0,C
60.0,6.0,C
61.0,6.0,C
62.0,6.0,C
63.0,6.0,C
64.0,6.0,C
1.0,6.0,C
2.0,6.0,C
3.0,6.0,C
4.0,6.0,C
5.0,6.0,C
6.0,6.0,C
7.0,6.0,C
8.0,6.0,C
9.0,6.0,C
10.0,6.0,C
11.0,6.0,C
12.0,6.0,C
13.0,6.0,C
14.0,6.0,C
15.0,6.0,C
16.0,6.0,C
17.0,6.0,C
18.0,6.0,C
19.0,6.0,C
20.0,6.0,C
21.0,6.0,C
22.0,6.0,C
23.0,6.0,C
24.0,6.0,C
25.0,6.0,C
26.0,6.0,C
27.0,6.0,C
28.0,6.0,C
29.0,6.0,C
30.0,6.0,C
31.0,6.0,C
32.0,6.0,C
33.0,6.0,C
34.0,6.0,C
35.0,6.0,C
36.0,6.0,C
37.0,6.0,C
38.0,6.0,C
39.0,6.0,C
40.0,6.0,C
41.0,6.0,C
42.0,6.0,C
43.0,6.0,C
44.0,6.0,C
45.0,6.0,C
46.0,6.0,C
47.0,6.0,C
48.0,6.0,C
49.0,6.0,C
50.0,6.0,C
51.0,6.0,C
52.0,6.0,C
53.0,6.0,C
54.0,6.0,C
55.0,6.0,C
56.0,6.0,C
57.0,6.0,C
58.0,6.0,C
59.0,6.0,C
60.0,6.0,C
61.0,6.0,C
62.0,6.0,C
63.0,6.0,C
64.0,6.0,C
1.0,6.0,C
2.0,6.0,C
3.0,6.0,C
4.0,6.0,C
5.0,6.0,C
6.0,6.0,C
7.0,6.0,C
8.0,6.0,C
9.0,6.0,C
10.0,6.0,C
11.0,6.0,C
12.0,6.0,C
13.0,6.0,C
14.0,6.0,C
15.0,6.0,C
16.0,6.0,C
17.0,6.0,C
18.0,6.0,C
19.0,6.0,C
20.0,6.0,C
21.0,6.0,C
22.0,6.0,C
23.0,6.0,C
24.0,6.0,C
25.0,6.0,C
26.0,6.0,C
27.0,6.0,C
28.0,6.0,C
29.0,6.0,C
30.0,6.0,C
31.0,6.0,C
32.0,6.0,C
33.0,6.0,C
34.0,6.0,C
35.0,6.0,C
36.0,6.0,C
37.0,6.0,C
38.0,6.0,C
39.0,6.0,C
40.0,6.0,C
41.0,6.0,C
42.0,6.0,C
43.0,6.0,C
44.0,6.0,C
45.0,6.0,C
46.0,6.0,C
47.0,6.0,C
48.0,6.0,C
49.0,6.0,C
50.0,6.0,C
51.0,6.0,C
52.0,6.0,C
53.0,6.0,C
54.0,6.0,C
55.0,6.0,C
56.0,6.0,C
57.0,6.0,C
58.0,6.0,C
59.0,6.0,C
60.0,6.0,C
61.0,6.0,C
62.0,6.0,C
63.0,6.0,C
64.0,6.0,C
1.0,6.0,C
2.0,6.0,C
3.0,6.0,C
4.0,6.0,C
5.0,6.0,C
6.0,6.0,C
7.0,6.0,C
8.0,6.0,C
9.0,6.0,C
10.0,6.0,C
11.0,6.0,C
12.0,6.0,C
13.0,6.0,C
14.0,6.0,C
15.0,6.0,C
16.0,6.0,C
17.0,6.0,C
18.0,6.0,C
19.0,6.0,C
20.0,6.0,C
21.0,6.0,C
22.0,6.0,C
23.0,6.0,C
24.0,6.0,C
25.0,6.0,C
26.0,6.0,C
27.0,6.0,C
28.0,6.0,C
29.0,6.0,C
30.0,6.0,C
31.0,6.0,C
32.0,6.0,C
33.0,6.0,C
34.0,6.0,C
35.0,6.0,C
36.0,6.0,C
37.0,6.0,C
38.0,6.0,C
39.0,6.0,C
40.0,6.0,C
41.0,6.0,C
42.0,6.0,C
43.0,6.0,C
44.0,6.0,C
45.0,6.0,C
46.0,6.0,C
47.0,6.0,C
48.0,6.0,C
49.0,6.0,C
50.0,6.0,C
51.0,6.0,C
52.0,6.0,C
53.0,6.0,C
54.0,6.0,C
55.0,6.0,C
56.0,6.0,C
57.0,6.0,C
58.0,6.0,C
59.0,6.0,C
60.0,6.0,C
61.0,6.0,C
62.0,6.0,C
63.0,6.0,C
64.0,6.0,C
1.0,7.0,C
2.0,7.0,C
3.0,7.0,C
4.0,7.0,C
5.0,7.0,C
6.0,7.0,C
7.0,7.0,C
8.0,7.0,C
9.0,7.0,C
10.0,7.0,C
11.0,7.0,C
12.0,7.0,C
13.0,7.0,C
14.0,7.0,C
15.0,7.0,C
16.0,7.0,C
17.0,7.0,C
18.0,7.0,C
19.0,7.0,C
20.0,7.0,C
21.0,7.0,C
22.0,7.0,C
23.0,7.0,C
24.0,7.0,C
25.0,7.0,C
26.0,7.0,C
27.0,7.0,C
28.0,7.0,C
29.0,7.0,C
30.0,7.0,C
31.0,7.0,C
32.0,7.0,C
33.0,7.0,C
34.0,7.0,C
35.0,7.0,C
36.0,7.0,C
37.0,7.0,C
38.0,7.0,C
39.0,7.0,C
40.0,7.0,C
41.0,7.0,C
42.0,7.0,C
43.0,7.0,C
44.0,7.0,C
45.0,7.0,C
46.0,7.0,C
47.0,7.0,C
48.0,7.0,C
49.0,7.0,C
50.0,7.0,C
51.0,7.0,C
52.0,7.0,C
53.0,7.0,C
54.0,7.0,C
55.0,7.0,C
56.0,7.0,C
57.0,7.0,C
58.0,7.0,C
59.0,7.0,C
60.0,7.0,C
61.0,7.0,C
62.0,7.0,C
63.0,7.0,C
64.0,7.0,C
1.0,7.0,C
2.0,7.0,C
3.0,7.0,C
4.0,7.0,C
5.0,7.0,C
6.0,7.0,C
7.0,7.0,C
8.0,7.0,C
9.0,7.0,C
10.0,7.0,C
11.0,7.0,C
12.0,7.0,C
13.0,7.0,C
14.0,7.0,C
15.0,7.0,C
16.0,7.0,C
17.0,7.0,C
18.0,7.0,C
19.0,7.0,C
20.0,7.0,C
21.0,7.0,C
22.0,7.0,C
23.0,7.0,C
24.0,7.0,C
25.0,7.0,C
26.0,7.0,C
27.0,7.0,C
28.0,7.0,C
29.0,7.0,C
30.0,7.0,C
31.0,7.0,C
32.0,7.0,C
33.0,7.0,C
34.0,7.0,C
35.0,7.0,C
36.0,7.0,C
37.0,7.0,C
38.0,7.0,C
39.0,7.0,C
40.0,7.0,C
41.0,7.0,C
42.0,7.0,C
43.0,7.0,C
44.0,7.0,C
45.0,7.0,C
46.0,7.0,C
47.0,7.0,C
48.0,7.0,C
49.0,7.0,C
50.0,7.0,C
51.0,7.0,C
52.0,7.0,C
53.0,7.0,C
54.0,7.0,C
55.0,7.0,C
56.0,7.0,C
57.0,7.0,C
58.0,7.0,C
59.0,7.0,C
60.0,7.0,C
61.0,7.0,C
62.0,7.0,C
63.0,7.0,C
64.0,7.0,C
1.0,7.0,C
2.0,7.0,C
3.0,7.0,C
4.0,7.0,C
5.0,7.0,C
6.0,7.0,C
7.0,7.0,C
8.0,7.0,C
9.0,7.0,C
10.0,7.0,C
11.0,7.0,C
12.0,7.0,C
13.0,7.0,C
14.0,7.0,C
15.0,7.0,C
16.0,7.0,C
17.0,7.0,C
18.0,7.0,C
19.0,7.0,C
20.0,7.0,C
21.0,7.0,C
22.0,7.0,C
23.0,7.0,C
24.0,7.0,C
25.0,7.0,C
26.0,7.0,C
27.0,7.0,C
28.0,7.0,C
29.0,7.0,C
30.0,7.0,C
31.0,7.0,C
32.0,7.0,C
33.0,7.0,C
34.0,7.0,C
35.0,7.0,C
36.0,7.0,C
37.0,7.0,C
38.0,7.0,C
39.0,7.0,C
40.0,7.0,C
41.0,7.0,C
42.0,7.0,C
43.0,7.0,C
44.0,7.0,C
45.0,7.0,C
46.0,7.0,C
47.0,7.0,C
48.0,7.0,C
49.0,7.0,C
50.0,7.0,C
51.0,7.0,C
52.0,7.0,C
53.0,7.0,C
54.0,7.0,C
55.0,7.0,C
56.0,7.0,C
57.0,7.0,C
58.0,7.0,C
59.0,7.0,C
60.0,7.0,C
61.0,7.0,C
62.0,7.0,C
63.0,7.0,C
64.0,7.0,C
1.0,7.0,C
2.0,7.0,C
3.0,7.0,C
4.0,7.0,C
5.0,7.0,C
6.0,7.0,C
7.0,7.0,C
8.0,7.0,C
9.0,7.0,C
10.0,7.0,C
11.0,7.0,C
12.0,7.0,C
13.0,7.0,C
14.0,7.0,C
15.0,7.0,C
16.0,7.0,C
17.0,7.0,C
18.0,7.0,C
19.0,7.0,C
20.0,7.0,C
21.0,7.0,C
22.0,7.0,C
23.0,7.0,C
24.0,7.0,C
25.0,7.0,C
26.0,7.0,C
27.0,7.0,C
28.0,7.0,C
29.0,7.0,C
30.0,7.0,C
31.0,7.0,C
32.0,7.0,C
33.0,7.0,C
34.0,7.0,C
35.0,7.0,C
36.0,7.0,C
37.0,7.0,C
38.0,7.0,C
39.0,7.0,C
40.0,7.0,C
41.0,7.0,C
42.0,7.0,C
43.0,7.0,C
44.0,7.0,C
45.0,7.0,C
46.0,7.0,C
47.0,7.0,C
48.0,7.0,C
49.0,7.0,C
50.0,7.0,C
51.0,7.0,C
52.0,7.0,C
53.0,7.0,C
54.0,7.0,C
55.0,7.0,C
56.0,7.0,C
57.0,7.0,C
58.0,7.0,C
59.0,7.0,C
60.0,7.0,C
61.0,7.0,C
62.0,7.0,C
63.0,7.0,C
64.0,7.0,C
1.0,7.0,C
2.0,7.0,C
3.0,7.0,C
4.0,7.0,C
5.0,7.0,C
6.0,7.0,C
7.0,7.0,C
8.0,7.0,C
9.0,7.0,C
10.0,7.0,C
11.0,7.0,C
12.0,7.0,C
13.0,7.0,C
14.0,7.0,C
15.0,7.0,C
16.0,7.0,C
17.0,7.0,C
18.0,7.0,C
19.0,7.0,C
20.0,7.0,C
21.0,7.0,C
22.0,7.0,C
23.0,7.0,C
24.0,7.0,C
25.0,7.0,C
26.0,7.0,C
27.0,7.0,C
28.0,7.0,C
29.0,7.0,C
30.0,7.0,C
31.0,7.0,C
32.0,7.0,C
33.0,7.0,C
34.0,7.0,C
35.0,7.0,C
36.0,7.0,C
37.0,7.0,C
38.0,7.0,C
39.0,7.0,C
40.0,7.0,C
41.0,7.0,C
42.0,7.0,C
43.0,7.0,C
44.0,7.0,C
45.0,7.0,C
46.0,7.0,C
47.0,7.0,C
48.0,7.0,C
49.0,7.0,C
50.0,7.0,C
51.0,7.0,C
52.0,7.0,C
53.0,7.0,C
54.0,7.0,C
55.0,7.0,C
56.0,7.0,C
57.0,7.0,C
58.0,7.0,C
59.0,7.0,C
60.0,7.0,C
61.0,7.0,C
62.0,7.0,C
63.0,7.0,C
64.0,7.0,C
1.0,7.0,C
2.0,7.0,C
3.0,7.0,C
4.0,7.0,C
5.0,7.0,C
6.0,7.0,C
7.0,7.0,C
8.0,7.0,C
9.0,7.0,C
10.0,7.0,C
11.0,7.0,C
12.0,7.0,C
13.0,7.0,C
14.0,7.0,C
15.0,7.0,C
16.0,7.0,C
17.0,7.0,C
18.0,7.0,C
19.0,7.0,C
20.0,7.0,C
21.0,7.0,C
22.0,7.0,C
23.0,7.0,C
24.0,7.0,C
25.0,7.0,C
26.0,7.0,C
27.0,7.0,C
28.0,7.0,C
29.0,7.0,C
30.0,7.0,C
31.0,7.0,C
32.0,7.0,C
33.0,7.0,C
34.0,7.0,C
35.0,7.0,C
36.0,7.0,C
37.0,7.0,C
38.0,7.0,C
39.0,7.0,C
40.0,7.0,C
41.0,7.0,C
42.0,7.0,C
43.0,7.0,C
44.0,7.0,C
45.0,7.0,C
46.0,7.0,C
47.0,7.0,C
48.0,7.0,C
49.0,7.0,C
50.0,7.0,C
51.0,7.0,C
52.0,7.0,C
53.0,7.0,C
54.0,7.0,C
55.0,7.0,C
56.0,7.0,C
57.0,7.0,C
58.0,7.0,C
59.0,7.0,C
60.0,7.0,C
61.0,7.0,C
62.0,7.0,C
63.0,7.0,C
64.0,7.0,C
1.0,7.0,C
2.0,7.0,C
3.0,7.0,C
4.0,7.0,C
5.0,7.0,C
6.0,7.0,C
7.0,7.0,C
8.0,7.0,C
9.0,7.0,C
10.0,7.0,C
11.0,7.0,C
12.0,7.0,C
13.0,7.0,C
14.0,7.0,C
15.0,7.0,C
16.0,7.0,C
17.0,7.0,C
18.0,7.0,C
19.0,7.0,C
20.0,7.0,C
21.0,7.0,C
22.0,7.0,C
23.0,7.0,C
24.0,7.0,C
25.0,7.0,C
26.0,7.0,C
27.0,7.0,C
28.0,7.0,C
29.0,7.0,C
30.0,7.0,C
31.0,7.0,C
32.0,7.0,C
33.0,7.0,C
34.0,7.0,C
35.0,7.0,C
36.0,7.0,C
37.0,7.0,C
38.0,7.0,C
39.0,7.0,C
40.0,7.0,C
41.0,7.0,C
42.0,7.0,C
43.0,7.0,C
44.0,7.0,C
45.0,7.0,C
46.0,7.0,C
47.0,7.0,C
48.0,7.0,C
49.0,7.0,C
50.0,7.0,C
51.0,7.0,C
52.0,7.0,C
53.0,7.0,C
54.0,7.0,C
55.0,7.0,C
56.0,7.0,C
57.0,7.0,C
58.0,7.0,C
59.0,7.0,C
60.0,7.0,C
61.0,7.0,C
62.0,7.0,C
63.0,7.0,C
64.0,7.0,C
1.0,7.0,C
2.0,7.0,C
3.0,7.0,C
4.0,7.0,C
5.0,7.0,C
6.0,7.0,C
7.0,7.0,C
8.0,7.0,C
9.0,7.0,C
10.0,7.0,C
11.0,7.0,C
12.0,7.0,C
13.0,7.0,C
14.0,7.0,C
15.0,7.0,C
16.0,7.0,C
17.0,7.0,C
18.0,7.0,C
19.0,7.0,C
20.0,7.0,C
21.0,7.0,C
22.0,7.0,C
23.0,7.0,C
24.0,7.0,C
25.0,7.0,C
26.0,7.0,C
27.0,7.0,C
28.0,7.0,C
29.0,7.0,C
30.0,7.0,C
31.0,7.0,C
32.0,7.0,C
33.0,7.0,C
34.0,7.0,C
35.0,7.0,C
36.0,7.0,C
37.0,7.0,C
38.0,7.0,C
39.0,7.0,C
40.0,7.0,C
41.0,7.0,C
42.0,7.0,C
43.0,7.0,C
44.0,7.0,C
45.0,7.0,C
46.0,7.0,C
47.0,7.0,C
48.0,7.0,C
49.0,7.0,C
50.0,7.0,C
51.0,7.0,C
52.0,7.0,C
53.0,7.0,C
54.0,7.0,C
55.0,7.0,C
56.0,7.0,C
57.0,7.0,C
58.0,7.0,C
59.0,7.0,C
60.0,7.0,C
61.0,7.0,C
62.0,7.0,C
63.0,7.0,C
64.0,7.0,C
1.0,7.0,C
2.0,7.0,C
3.0,7.0,C
4.0,7.0,C
5.0,7.0,C
6.0,7.0,C
7.0,7.0,C
8.0,7.0,C
9.0,7.0,C
10.0,7.0,C
11.0,7.0,C
12.0,7.0,C
13.0,7.0,C
14.0,7.0,C
15.0,7.0,C
16.0,7.0,C
17.0,7.0,C
18.0,7.0,C
19.0,7.0,C
20.0,7.0,C
21.0,7.0,C
22.0,7.0,C
23.0,7.0,C
24.0,7.0,C
25.0,7.0,C
26.0,7.0,C
27.0,7.0,C
28.0,7.0,C
29.0,7.0,C
30.0,7.0,C
31.0,7.0,C
32.0,7.0,C
33.0,7.0,C
34.0,7.0,C
35.0,7.0,C
36.0,7.0,C
37.0,7.0,C
38.0,7.0,C
39.0,7.0,C
40.0,7.0,C
41.0,7.0,C
42.0,7.0,C
43.0,7.0,C
44.0,7.0,C
45.0,7.0,C
46.0,7.0,C
47.0,7.0,C
48.0,7.0,C
49.0,7.0,C
50.0,7.0,C
51.0,7.0,C
52.0,7.0,C
53.0,7.0,C
54.0,7.0,C
55.0,7.0,C
56.0,7.0,C
57.0,7.0,C
58.0,7.0,C
59.0,7.0,C
60.0,7.0,C
61.0,7.0,C
62.0,7.0,C
63.0,7.0,C
64.0,7.0,C
1.0,7.0,C
2.0,7.0,C
3.0,7.0,C
4.0,7.0,C
5.0,7.0,C
6.0,7.0,C
7.0,7.0,C
8.0,7.0,C
9.0,7.0,C
10.0,7.0,C
11.0,7.0,C
12.0,7.0,C
13.0,7.0,C
14.0,7.0,C
15.0,7.0,C
16.0,7.0,C
17.0,7.0,C
18.0,7.0,C
19.0,7.0,C
20.0,7.0,C
21.0,7.0,C
22.0,7.0,C
23.0,7.0,C
24.0,7.0,C
25.0,7.0,C
26.0,7.0,C
27.0,7.0,C
28.0,7.0,C
29.0,7.0,C
30.0,7.0,C
31.0,7.0,C
32.0,7.0,C
33.0,7.0,C
34.0,7.0,C
35.0,7.0,C
36.0,7.0,C
37.0,7.0,C
38.0,7.0,C
39.0,7.0,C
40.0,7.0,C
41.0,7.0,C
42.0,7.0,C
43.0,7.0,C
44.0,7.0,C
45.0,7.0,C
46.0,7.0,C
47.0,7.0,C
48.0,7.0,C
49.0,7.0,C
50.0,7.0,C
51.0,7.0,C
52.0,7.0,C
53.0,7.0,C
54.0,7.0,C
55.0,7.0,C
56.0,7.0,C
57.0,7.0,C
58.0,7.0,C
59.0,7.0,C
60.0,7.0,C
61.0,7.0,C
62.0,7.0,C
63.0,7.0,C
64.0,7.0,C
1.0,8.0,C
2.0,8.0,C
3.0,8.0,C
4.0,8.0,C
5.0,8.0,C
6.0,8.0,C
7.0,8.0,C
8.0,8.0,C
9.0,8.0,C
10.0,8.0,C
11.0,8.0,C
12.0,8.0,C
13.0,8.0,C
14.0,8.0,C
15.0,8.0,C
16.0,8.0,C
17.0,8.0,C
18.0,8.0,C
19.0,8.0,C
20.0,8.0,C
21.0,8.0,C
22.0,8.0,C
23.0,8.0,C
24.0,8.0,C
25.0,8.0,C
26.0,8.0,C
27.0,8.0,C
28.0,8.0,C
29.0,8.0,C
30.0,8.0,C
31.0,8.0,C
32.0,8.0,C
33.0,8.0,C
34.0,8.0,C
35.0,8.0,C
36.0,8.0,C
37.0,8.0,C
38.0,8.0,C
39.0,8.0,C
40.0,8.0,C
41.0,8.0,C
42.0,8.0,C
43.0,8.0,C
44.0,8.0,C
45.0,8.0,C
46.0,8.0,C
47.0,8.0,C
48.0,8.0,C
49.0,8.0,C
50.0,8.0,C
51.0,8.0,C
52.0,8.0,C
53.0,8.0,C
54.0,8.0,C
55.0,8.0,C
56.0,8.0,C
57.0,8.0,C
58.0,8.0,C
59.0,8.0,C
60.0,8.0,C
61.0,8.0,C
62.0,8.0,C
63.0,8.0,C
64.0,8.0,C
1.0,8.0,C
2.0,8.0,C
3.0,8.0,C
4.0,8.0,C
5.0,8.0,C
6.0,8.0,C
7.0,8.0,C
8.0,8.0,C
9.0,8.0,C
10.0,8.0,C
11.0,8.0,C
12.0,8.0,C
13.0,8.0,C
14.0,8.0,C
15.0,8.0,C
16.0,8.0,C
17.0,8.0,C
18.0,8.0,C
19.0,8.0,C
20.0,8.0,C
21.0,8.0,C
22.0,8.0,C
23.0,8.0,C
24.0,8.0,C
25.0,8.0,C
26.0,8.0,C
27.0,8.0,C
28.0,8.0,C
29.0,8.0,C
30.0,8.0,C
31.0,8.0,C
32.0,8.0,C
33.0,8.0,C
34.0,8.0,C
35.0,8.0,C
36.0,8.0,C
37.0,8.0,C
38.0,8.0,C
39.0,8.0,C
40.0,8.0,C
41.0,8.0,C
42.0,8.0,C
43.0,8.0,C
44.0,8.0,C
45.0,8.0,C
46.0,8.0,C
47.0,8.0,C
48.0,8.0,C
49.0,8.0,C
50.0,8.0,C
51.0,8.0,C
52.0,8.0,C
53.0,8.0,C
54.0,8.0,C
55.0,8.0,C
56.0,8.0,C
57.0,8.0,C
58.0,8.0,C
59.0,8.0,C
60.0,8.0,C
61.0,8.0,C
62.0,8.0,C
63.0,8.0,C
64.0,8.0,C
1.0,8.0,C
2.0,8.0,C
3.0,8.0,C
4.0,8.0,C
5.0,8.0,C
6.0,8.0,C
7.0,8.0,C
8.0,8.0,C
9.0,8.0,C
10.0,8.0,C
11.0,8.0,C
12.0,8.0,C
13.0,8.0,C
14.0,8.0,C
15.0,8.0,C
16.0,8.0,C
17.0,8.0,C
18.0,8.0,C
19.0,8.0,C
20.0,8.0,C
21.0,8.0,C
22.0,8.0,C
23.0,8.0,C
24.0,8.0,C
25.0,8.0,C
26.0,8.0,C
27.0,8.0,C
28.0,8.0,C
29.0,8.0,C
30.0,8.0,C
31.0,8.0,C
32.0,8.0,C
33.0,8.0,C
34.0,8.0,C
35.0,8.0,C
36.0,8.0,C
37.0,8.0,C
38.0,8.0,C
39.0,8.0,C
40.0,8.0,C
41.0,8.0,C
42.0,8.0,C
43.0,8.0,C
44.0,8.0,C
45.0,8.0,C
46.0,8.0,C
47.0,8.0,C
48.0,8.0,C
49.0,8.0,C
50.0,8.0,C
51.0,8.0,C
52.0,8.0,C
53.0,8.0,C
54.0,8.0,C
55.0,8.0,C
56.0,8.0,C
57.0,8.0,C
58.0,8.0,C
59.0,8.0,C
60.0,8.0,C
61.0,8.0,C
62.0,8.0,C
63.0,8.0,C
64.0,8.0,C
1.0,8.0,C
2.0,8.0,C
3.0,8.0,C
4.0,8.0,C
5.0,8.0,C
6.0,8.0,C
7.0,8.0,C
8.0,8.0,C
9.0,8.0,C
10.0,8.0,C
11.0,8.0,C
12.0,8.0,C
13.0,8.0,C
14.0,8.0,C
15.0,8.0,C
16.0,8.0,C
17.0,8.0,C
18.0,8.0,C
19.0,8.0,C
20.0,8.0,C
21.0,8.0,C
22.0,8.0,C
23.0,8.0,C
24.0,8.0,C
25.0,8.0,C
26.0,8.0,C
27.0,8.0,C
28.0,8.0,C
29.0,8.0,C
30.0,8.0,C
31.0,8.0,C
32.0,8.0,C
33.0,8.0,C
34.0,8.0,C
35.0,8.0,C
36.0,8.0,C
37.0,8.0,C
38.0,8.0,C
39.0,8.0,C
40.0,8.0,C
41.0,8.0,C
42.0,8.0,C
43.0,8.0,C
44.0,8.0,C
45.0,8.0,C
46.0,8.0,C
47.0,8.0,C
48.0,8.0,C
49.0,8.0,C
50.0,8.0,C
51.0,8.0,C
52.0,8.0,C
53.0,8.0,C
54.0,8.0,C
55.0,8.0,C
56.0,8.0,C
57.0,8.0,C
58.0,8.0,C
59.0,8.0,C
60.0,8.0,C
61.0,8.0,C
62.0,8.0,C
63.0,8.0,C
64.0,8.0,C
1.0,8.0,C
2.0,8.0,C
3.0,8.0,C
4.0,8.0,C
5.0,8.0,C
6.0,8.0,C
7.0,8.0,C
8.0,8.0,C
9.0,8.0,C
10.0,8.0,C
11.0,8.0,C
12.0,8.0,C
13.0,8.0,C
14.0,8.0,C
15.0,8.0,C
16.0,8.0,C
17.0,8.0,C
18.0,8.0,C
19.0,8.0,C
20.0,8.0,C
21.0,8.0,C
22.0,8.0,C
23.0,8.0,C
24.0,8.0,C
25.0,8.0,C
26.0,8.0,C
27.0,8.0,C
28.0,8.0,C
29.0,8.0,C
30.0,8.0,C
31.0,8.0,C
32.0,8.0,C
33.0,8.0,C
34.0,8.0,C
35.0,8.0,C
36.0,8.0,C
37.0,8.0,C
38.0,8.0,C
39.0,8.0,C
40.0,8.0,C
41.0,8.0,C
42.0,8.0,C
43.0,8.0,C
44.0,8.0,C
45.0,8.0,C
46.0,8.0,C
47.0,8.0,C
48.0,8.0,C
49.0,8.0,C
50.0,8.0,C
51.0,8.0,C
52.0,8.0,C
53.0,8.0,C
54.0,8.0,C
55.0,8.0,C
56.0,8.0,C
57.0,8.0,C
58.0,8.0,C
59.0,8.0,C
60.0,8.0,C
61.0,8.0,C
62.0,8.0,C
63.0,8.0,C
64.0,8.0,C
1.0,8.0,C
2.0,8.0,C
3.0,8.0,C
4.0,8.0,C
5.0,8.0,C
6.0,8.0,C
7.0,8.0,C
8.0,8.0,C
9.0,8.0,C
10.0,8.0,C
11.0,8.0,C
12.0,8.0,C
13.0,8.0,C
14.0,8.0,C
15.0,8.0,C
16.0,8.0,C
17.0,8.0,C
18.0,8.0,C
19.0,8.0,C
20.0,8.0,C
21.0,8.0,C
22.0,8.0,C
23.0,8.0,C
24.0,8.0,C
25.0,8.0,C
26.0,8.0,C
27.0,8.0,C
28.0,8.0,C
29.0,8.0,C
30.0,8.0,C
31.0,8.0,C
32.0,8.0,C
33.0,8.0,C
34.0,8.0,C
35.0,8.0,C
36.0,8.0,C
37.0,8.0,C
38.0,8.0,C
39.0,8.0,C
40.0,8.0,C
41.0,8.0,C
42.0,8.0,C
43.0,8.0,C
44.0,8.0,C
45.0,8.0,C
46.0,8.0,C
47.0,8.0,C
48.0,8.0,C
49.0,8.0,C
50.0,8.0,C
51.0,8.0,C
52.0,8.0,C
53.0,8.0,C
54.0,8.0,C
55.0,8.0,C
56.0,8.0,C
57.0,8.0,C
58.0,8.0,C
59.0,8.0,C
60.0,8.0,C
61.0,8.0,C
62.0,8.0,C
63.0,8.0,C
64.0,8.0,C
1.0,8.0,C
2.0,8.0,C
3.0,8.0,C
4.0,8.0,C
5.0,8.0,C
6.0,8.0,C
7.0,8.0,C
8.0,8.0,C
9.0,8.0,C
10.0,8.0,C
11.0,8.0,C
12.0,8.0,C
13.0,8.0,C
14.0,8.0,C
15.0,8.0,C
16.0,8.0,C
17.0,8.0,C
18.0,8.0,C
19.0,8.0,C
20.0,8.0,C
21.0,8.0,C
22.0,8.0,C
23.0,8.0,C
24.0,8.0,C
25.0,8.0,C
26.0,8.0,C
27.0,8.0,C
28.0,8.0,C
29.0,8.0,C
30.0,8.0,C
31.0,8.0,C
32.0,8.0,C
33.0,8.0,C
34.0,8.0,C
35.0,8.0,C
36.0,8.0,C
37.0,8.0,C
38.0,8.0,C
39.0,8.0,C
40.0,8.0,C
41.0,8.0,C
42.0,8.0,C
43.0,8.0,C
44.0,8.0,C
45.0,8.0,C
46.0,8.0,C
47.0,8.0,C
48.0,8.0,C
49.0,8.0,C
50.0,8.0,C
51.0,8.0,C
52.0,8.0,C
53.0,8.0,C
54.0,8.0,C
55.0,8.0,C
56.0,8.0,C
57.0,8.0,C
58.0,8.0,C
59.0,8.0,C
60.0,8.0,C
61.0,8.0,C
62.0,8.0,C
63.0,8.0,C
64.0,8.0,C
1.0,8.0,C
2.0,8.0,C
3.0,8.0,C
4.0,8.0,C
5.0,8.0,C
6.0,8.0,C
7.0,8.0,C
8.0,8.0,C
9.0,8.0,C
10.0,8.0,C
11.0,8.0,C
12.0,8.0,C
13.0,8.0,C
14.0,8.0,C
15.0,8.0,C
16.0,8.0,C
17.0,8.0,C
18.0,8.0,C
19.0,8.0,C
20.0,8.0,C
21.0,8.0,C
22.0,8.0,C
23.0,8.0,C
24.0,8.0,C
25.0,8.0,C
26.0,8.0,C
27.0,8.0,C
28.0,8.0,C
29.0,8.0,C
30.0,8.0,C
31.0,8.0,C
32.0,8.0,C
33.0,8.0,C
34.0,8.0,C
35.0,8.0,C
36.0,8.0,C
37.0,8.0,C
38.0,8.0,C
39.0,8.0,C
40.0,8.0,C
41.0,8.0,C
42.0,8.0,C
43.0,8.0,C
44.0,8.0,C
45.0,8.0,C
46.0,8.0,C
47.0,8.0,C
48.0,8.0,C
49.0,8.0,C
50.0,8.0,C
51.0,8.0,C
52.0,8.0,C
53.0,8.0,C
54.0,8.0,C
55.0,8.0,C
56.0,8.0,C
57.0,8.0,C
58.0,8.0,C
59.0,8.0,C
60.0,8.0,C
61.0,8.0,C
62.0,8.0,C
63.0,8.0,C
64.0,8.0,C
1.0,8.0,C
2.0,8.0,C
3.0,8.0,C
4.0,8.0,C
5.0,8.0,C
6.0,8.0,C
7.0,8.0,C
8.0,8.0,C
9.0,8.0,C
10.0,8.0,C
11.0,8.0,C
12.0,8.0,C
13.0,8.0,C
14.0,8.0,C
15.0,8.0,C
16.0,8.0,C
17.0,8.0,C
18.0,8.0,C
19.0,8.0,C
20.0,8.0,C
21.0,8.0,C
22.0,8.0,C
23.0,8.0,C
24.0,8.0,C
25.0,8.0,C
26.0,8.0,C
27.0,8.0,C
28.0,8.0,C
29.0,8.0,C
30.0,8.0,C
31.0,8.0,C
32.0,8.0,C
33.0,8.0,C
34.0,8.0,C
35.0,8.0,C
36.0,8.0,C
37.0,8.0,C
38.0,8.0,C
39.0,8.0,C
40.0,8.0,C
41.0,8.0,C
42.0,8.0,C
43.0,8.0,C
44.0,8.0,C
45.0,8.0,C
46.0,8.0,C
47.0,8.0,C
48.0,8.0,C
49.0,8.0,C
50.0,8.0,C
51.0,8.0,C
52.0,8.0,C
53.0,8.0,C
54.0,8.0,C
55.0,8.0,C
56.0,8.0,C
57.0,8.0,C
58.0,8.0,C
59.0,8.0,C
60.0,8.0,C
61.0,8.0,C
62.0,8.0,C
63.0,8.0,C
64.0,8.0,C
1.0,8.0,C
2.0,8.0,C
3.0,8.0,C
4.0,8.0,C
5.0,8.0,C
6.0,8.0,C
7.0,8.0,C
8.0,8.0,C
9.0,8.0,C
10.0,8.0,C
11.0,8.0,C
12.0,8.0,C
13.0,8.0,C
14.0,8.0,C
15.0,8.0,C
16.0,8.0,C
17.0,8.0,C
18.0,8.0,C
19.0,8.0,C
20.0,8.0,C
21.0,8.0,C
22.0,8.0,C
23.0,8.0,C
24.0,8.0,C
25.0,8.0,C
26.0,8.0,C
27.0,8.0,C
28.0,8.0,C
29.0,8.0,C
30.0,8.0,C
31.0,8.0,C
32.0,8.0,C
33.0,8.0,C
34.0,8.0,C
35.0,8.0,C
36.0,8.0,C
37.0,8.0,C
38.0,8.0,C
39.0,8.0,C
40.0,8.0,C
41.0,8.0,C
42.0,8.0,C
43.0,8.0,C
44.0,8.0,C
45.0,8.0,C
46.0,8.0,C
47.0,8.0,C
48.0,8.0,C
49.0,8.0,C
50.0,8.0,C
51.0,8.0,C
52.0,8.0,C
53.0,8.0,C
54.0,8.0,C
55.0,8.0,C
56.0,8.0,C
57.0,8.0,C
58.0,8.0,C
59.0,8.0,C
60.0,8.0,C
61.0,8.0,C
62.0,8.0,C
63.0,8.0,C
64.0,8.0,C
1.0,9.0,C
2.0,9.0,C
3.0,9.0,C
4.0,9.0,C
5.0,9.0,C
6.0,9.0,C
7.0,9.0,C
8.0,9.0,C
9.0,9.0,C
10.0,9.0,C
11.0,9.0,C
12.0,9.0,C
13.0,9.0,C
14.0,9.0,C
15.0,9.0,C
16.0,9.0,C
17.0,9.0,C
18.0,9.0,C
19.0,9.0,C
20.0,9.0,C
21.0,9.0,C
22.0,9.0,C
23.0,9.0,C
24.0,9.0,C
25.0,9.0,C
26.0,9.0,C
27.0,9.0,C
28.0,9.0,C
29.0,9.0,C
30.0,9.0,C
31.0,9.0,C
32.0,9.0,C
33.0,9.0,C
34.0,9.0,C
35.0,9.0,C
36.0,9.0,C
37.0,9.0,C
38.0,9.0,C
39.0,9.0,C
40.0,9.0,C
41.0,9.0,C
42.0,9.0,C
43.0,9.0,C
44.0,9.0,C
45.0,9.0,C
46.0,9.0,C
47.0,9.0,C
48.0,9.0,C
49.0,9.0,C
50.0,9.0,C
51.0,9.0,C
52.0,9.0,C
53.0,9.0,C
54.0,9.0,C
55.0,9.0,C
56.0,9.0,C
57.0,9.0,C
58.0,9.0,C
59.0,9.0,C
60.0,9.0,C
61.0,9.0,C
62.0,9.0,C
63.0,9.0,C
64.0,9.0,C
1.0,9.0,C
2.0,9.0,C
3.0,9.0,C
4.0,9.0,C
5.0,9.0,C
6.0,9.0,C
7.0,9.0,C
8.0,9.0,C
9.0,9.0,C
10.0,9.0,C
11.0,9.0,C
12.0,9.0,C
13.0,9.0,C
14.0,9.0,C
15.0,9.0,C
16.0,9.0,C
17.0,9.0,C
18.0,9.0,C
19.0,9.0,C
20.0,9.0,C
21.0,9.0,C
22.0,9.0,C
23.0,9.0,C
24.0,9.0,C
25.0,9.0,C
26.0,9.0,C
27.0,9.0,C
28.0,9.0,C
29.0,9.0,C
30.0,9.0,C
31.0,9.0,C
32.0,9.0,C
33.0,9.0,C
34.0,9.0,C
35.0,9.0,C
36.0,9.0,C
37.0,9.0,C
38.0,9.0,C
39.0,9.0,C
40.0,9.0,C
41.0,9.0,C
42.0,9.0,C
43.0,9.0,C
44.0,9.0,C
45.0,9.0,C
46.0,9.0,C
47.0,9.0,C
48.0,9.0,C
49.0,9.0,C
50.0,9.0,C
51.0,9.0,C
52.0,9.0,C
53.0,9.0,C
54.0,9.0,C
55.0,9.0,C
56.0,9.0,C
57.0,9.0,C
58.0,9.0,C
59.0,9.0,C
60.0,9.0,C
61.0,9.0,C
62.0,9.0,C
63.0,9.0,C
64.0,9.0,C
1.0,9.0,C
2.0,9.0,C
3.0,9.0,C
4.0,9.0,C
5.0,9.0,C
6.0,9.0,C
7.0,9.0,C
8.0,9.0,C
9.0,9.0,C
10.0,9.0,C
11.0,9.0,C
12.0,9.0,C
13.0,9.0,C
14.0,9.0,C
15.0,9.0,C
16.0,9.0,C
17.0,9.0,C
18.0,9.0,C
19.0,9.0,C
20.0,9.0,C
21.0,9.0,C
22.0,9.0,C
23.0,9.0,C
24.0,9.0,C
25.0,9.0,C
26.0,9.0,C
27.0,9.0,C
28.0,9.0,C
29.0,9.0,C
30.0,9.0,C
31.0,9.0,C
32.0,9.0,C
33.0,9.0,C
34.0,9.0,C
35.0,9.0,C
36.0,9.0,C
37.0,9.0,C
38.0,9.0,C
39.0,9.0,C
40.0,9.0,C
41.0,9.0,C
42.0,9.0,C
43.0,9.0,C
44.0,9.0,C
45.0,9.0,C
46.0,9.0,C
47.0,9.0,C
48.0,9.0,C
49.0,9.0,C
50.0,9.0,C
51.0,9.0,C
52.0,9.0,C
53.0,9.0,C
54.0,9.0,C
55.0,9.0,C
56.0,9.0,C
57.0,9.0,C
58.0,9.0,C
59.0,9.0,C
60.0,9.0,C
61.0,9.0,C
62.0,9.0,C
63.0,9.0,C
64.0,9.0,C
1.0,9.0,C
2.0,9.0,C
3.0,9.0,C
4.0,9.0,C
5.0,9.0,C
6.0,9.0,C
7.0,9.0,C
8.0,9.0,C
9.0,9.0,C
10.0,9.0,C
11.0,9.0,C
12.0,9.0,C
13.0,9.0,C
14.0,9.0,C
15.0,9.0,C
16.0,9.0,C
17.0,9.0,C
18.0,9.0,C
19.0,9.0,C
20.0,9.0,C
21.0,9.0,C
22.0,9.0,C
23.0,9.0,C
24.0,9.0,C
25.0,9.0,C
26.0,9.0,C
27.0,9.0,C
28.0,9.0,C
29.0,9.0,C
30.0,9.0,C
31.0,9.0,C
32.0,9.0,C
33.0,9.0,C
34.0,9.0,C
35.0,9.0,C
36.0,9.0,C
37.0,9.0,C
38.0,9.0,C
39.0,9.0,C
40.0,9.0,C
41.0,9.0,C
42.0,9.0,C
43.0,9.0,C
44.0,9.0,C
45.0,9.0,C
46.0,9.0,C
47.0,9.0,C
48.0,9.0,C
49.0,9.0,C
50.0,9.0,C
51.0,9.0,C
52.0,9.0,C
53.0,9.0,C
54.0,9.0,C
55.0,9.0,C
56.0,9.0,C
57.0,9.0,C
58.0,9.0,C
59.0,9.0,C
60.0,9.0,C
61.0,9.0,C
62.0,9.0,C
63.0,9.0,C
64.0,9.0,C
1.0,9.0,C
2.0,9.0,C
3.0,9.0,C
4.0,9.0,C
5.0,9.0,C
6.0,9.0,C
7.0,9.0,C
8.0,9.0,C
9.0,9.0,C
10.0,9.0,C
11.0,9.0,C
12.0,9.0,C
13.0,9.0,C
14.0,9.0,C
15.0,9.0,C
16.0,9.0,C
17.0,9.0,C
18.0,9.0,C
19.0,9.0,C
20.0,9.0,C
21.0,9.0,C
22.0,9.0,C
23.0,9.0,C
24.0,9.0,C
25.0,9.0,C
26.0,9.0,C
27.0,9.0,C
28.0,9.0,C
29.0,9.0,C
30.0,9.0,C
31.0,9.0,C
32.0,9.0,C
33.0,9.0,C
34.0,9.0,C
35.0,9.0,C
36.0,9.0,C
37.0,9.0,C
38.0,9.0,C
39.0,9.0,C
40.0,9.0,C
41.0,9.0,C
42.0,9.0,C
43.0,9.0,C
44.0,9.0,C
45.0,9.0,C
46.0,9.0,C
47.0,9.0,C
48.0,9.0,C
49.0,9.0,C
50.0,9.0,C
51.0,9.0,C
52.0,9.0,C
53.0,9.0,C
54.0,9.0,C
55.0,9.0,C
56.0,9.0,C
57.0,9.0,C
58.0,9.0,C
59.0,9.0,C
60.0,9.0,C
61.0,9.0,C
62.0,9.0,C
63.0,9.0,C
64.0,9.0,C
1.0,9.0,C
2.0,9.0,C
3.0,9.0,C
4.0,9.0,C
5.0,9.0,C
6.0,9.0,C
7.0,9.0,C
8.0,9.0,C
9.0,9.0,C
10.0,9.0,C
11.0,9.0,C
12.0,9.0,C
13.0,9.0,C
14.0,9.0,C
15.0,9.0,C
16.0,9.0,C
17.0,9.0,C
18.0,9.0,C
19.0,9.0,C
20.0,9.0,C
21.0,9.0,C
22.0,9.0,C
23.0,9.0,C
24.0,9.0,C
25.0,9.0,C
26.0,9.0,C
27.0,9.0,C
28.0,9.0,C
29.0,9.0,C
30.0,9.0,C
31.0,9.0,C
32.0,9.0,C
33.0,9.0,C
34.0,9.0,C
35.0,9.0,C
36.0,9.0,C
37.0,9.0,C
38.0,9.0,C
39.0,9.0,C
40.0,9.0,C
41.0,9.0,C
42.0,9.0,C
43.0,9.0,C
44.0,9.0,C
45.0,9.0,C
46.0,9.0,C
47.0,9.0,C
48.0,9.0,C
49.0,9.0,C
50.0,9.0,C
51.0,9.0,C
52.0,9.0,C
53.0,9.0,C
54.0,9.0,C
55.0,9.0,C
56.0,9.0,C
57.0,9.0,C
58.0,9.0,C
59.0,9.0,C
60.0,9.0,C
61.0,9.0,C
62.0,9.0,C
63.0,9.0,C
64.0,9.0,C
1.0,9.0,C
2.0,9.0,C
3.0,9.0,C
4.0,9.0,C
5.0,9.0,C
6.0,9.0,C
7.0,9.0,C
8.0,9.0,C
9.0,9.0,C
10.0,9.0,C
11.0,9.0,C
12.0,9.0,C
13.0,9.0,C
14.0,9.0,C
15.0,9.0,C
16.0,9.0,C
17.0,9.0,C
18.0,9.0,C
19.0,9.0,C
20.0,9.0,C
21.0,9.0,C
22.0,9.0,C
23.0,9.0,C
24.0,9.0,C
25.0,9.0,C
26.0,9.0,C
27.0,9.0,C
28.0,9.0,C
29.0,9.0,C
30.0,9.0,C
31.0,9.0,C
32.0,9.0,C
33.0,9.0,C
34.0,9.0,C
35.0,9.0,C
36.0,9.0,C
37.0,9.0,C
38.0,9.0,C
39.0,9.0,C
40.0,9.0,C
41.0,9.0,C
42.0,9.0,C
43.0,9.0,C
44.0,9.0,C
45.0,9.0,C
46.0,9.0,C
47.0,9.0,C
48.0,9.0,C
49.0,9.0,C
50.0,9.0,C
51.0,9.0,C
52.0,9.0,C
53.0,9.0,C
54.0,9.0,C
55.0,9.0,C
56.0,9.0,C
57.0,9.0,C
58.0,9.0,C
59.0,9.0,C
60.0,9.0,C
61.0,9.0,C
62.0,9.0,C
63.0,9.0,C
64.0,9.0,C
1.0,9.0,C
2.0,9.0,C
3.0,9.0,C
4.0,9.0,C
5.0,9.0,C
6.0,9.0,C
7.0,9.0,C
8.0,9.0,C
9.0,9.0,C
10.0,9.0,C
11.0,9.0,C
12.0,9.0,C
13.0,9.0,C
14.0,9.0,C
15.0,9.0,C
16.0,9.0,C
17.0,9.0,C
18.0,9.0,C
19.0,9.0,C
20.0,9.0,C
21.0,9.0,C
22.0,9.0,C
23.0,9.0,C
24.0,9.0,C
25.0,9.0,C
26.0,9.0,C
27.0,9.0,C
28.0,9.0,C
29.0,9.0,C
30.0,9.0,C
31.0,9.0,C
32.0,9.0,C
33.0,9.0,C
34.0,9.0,C
35.0,9.0,C
36.0,9.0,C
37.0,9.0,C
38.0,9.0,C
39.0,9.0,C
40.0,9.0,C
41.0,9.0,C
42.0,9.0,C
43.0,9.0,C
44.0,9.0,C
45.0,9.0,C
46.0,9.0,C
47.0,9.0,C
48.0,9.0,C
49.0,9.0,C
50.0,9.0,C
51.0,9.0,C
52.0,9.0,C
53.0,9.0,C
54.0,9.0,C
55.0,9.0,C
56.0,9.0,C
57.0,9.0,C
58.0,9.0,C
59.0,9.0,C
60.0,9.0,C
61.0,9.0,C
62.0,9.0,C
63.0,9.0,C
64.0,9.0,C
1.0,9.0,C
2.0,9.0,C
3.0,9.0,C
4.0,9.0,C
5.0,9.0,C
6.0,9.0,C
7.0,9.0,C
8.0,9.0,C
9.0,9.0,C
10.0,9.0,C
11.0,9.0,C
12.0,9.0,C
13.0,9.0,C
14.0,9.0,C
15.0,9.0,C
16.0,9.0,C
17.0,9.0,C
18.0,9.0,C
19.0,9.0,C
20.0,9.0,C
21.0,9.0,C
22.0,9.0,C
23.0,9.0,C
24.0,9.0,C
25.0,9.0,C
26.0,9.0,C
27.0,9.0,C
28.0,9.0,C
29.0,9.0,C
30.0,9.0,C
31.0,9.0,C
32.0,9.0,C
33.0,9.0,C
34.0,9.0,C
35.0,9.0,C
36.0,9.0,C
37.0,9.0,C
38.0,9.0,C
39.0,9.0,C
40.0,9.0,C
41.0,9.0,C
42.0,9.0,C
43.0,9.0,C
44.0,9.0,C
45.0,9.0,C
46.0,9.0,C
47.0,9.0,C
48.0,9.0,C
49.0,9.0,C
50.0,9.0,C
51.0,9.0,C
52.0,9.0,C
53.0,9.0,C
54.0,9.0,C
55.0,9.0,C
56.0,9.0,C
57.0,9.0,C
58.0,9.0,C
59.0,9.0,C
60.0,9.0,C
61.0,9.0,C
62.0,9.0,C
63.0,9.0,C
64.0,9.0,C
1.0,9.0,C
2.0,9.0,C
3.0,9.0,C
4.0,9.0,C
5.0,9.0,C
6.0,9.0,C
7.0,9.0,C
8.0,9.0,C
9.0,9.0,C
10.0,9.0,C
11.0,9.0,C
12.0,9.0,C
13.0,9.0,C
14.0,9.0,C
15.0,9.0,C
16.0,9.0,C
17.0,9.0,C
18.0,9.0,C
19.0,9.0,C
20.0,9.0,C
21.0,9.0,C
22.0,9.0,C
23.0,9.0,C
24.0,9.0,C
25.0,9.0,C
26.0,9.0,C
27.0,9.0,C
28.0,9.0,C
29.0,9.0,C
30.0,9.0,C
31.0,9.0,C
32.0,9.0,C
33.0,9.0,C
34.0,9.0,C
35.0,9.0,C
36.0,9.0,C
37.0,9.0,C
38.0,9.0,C
39.0,9.0,C
40.0,9.0,C
41.0,9.0,C
42.0,9.0,C
43.0,9.0,C
44.0,9.0,C
45.0,9.0,C
46.0,9.0,C
47.0,9.0,C
48.0,9.0,C
49.0,9.0,C
50.0,9.0,C
51.0,9.0,C
52.0,9.0,C
53.0,9.0,C
54.0,9.0,C
55.0,9.0,C
56.0,9.0,C
57.0,9.0,C
58.0,9.0,C
59.0,9.0,C
60.0,9.0,C
61.0,9.0,C
62.0,9.0,C
63.0,9.0,C
64.0,9.0,C
1.0,10.0,C
2.0,10.0,C
3.0,10.0,C
4.0,10.0,C
5.0,10.0,C
6.0,10.0,C
7.0,10.0,C
8.0,10.0,C
9.0,10.0,C
10.0,10.0,C
11.0,10.0,C
12.0,10.0,C
13.0,10.0,C
14.0,10.0,C
15.0,10.0,C
16.0,10.0,C
17.0,10.0,C
18.0,10.0,C
19.0,10.0,C
20.0,10.0,C
21.0,10.0,C
22.0,10.0,C
23.0,10.0,C
24.0,10.0,C
25.0,10.0,C
26.0,10.0,C
27.0,10.0,C
28.0,10.0,C
29.0,10.0,C
30.0,10.0,C
31.0,10.0,C
32.0,10.0,C
33.0,10.0,C
34.0,10.0,C
35.0,10.0,C
36.0,10.0,C
37.0,10.0,C
38.0,10.0,C
39.0,10.0,C
40.0,10.0,C
41.0,10.0,C
42.0,10.0,C
43.0,10.0,C
44.0,10.0,C
45.0,10.0,C
46.0,10.0,C
47.0,10.0,C
48.0,10.0,C
49.0,10.0,C
50.0,10.0,C
51.0,10.0,C
52.0,10.0,C
53.0,10.0,C
54.0,10.0,C
55.0,10.0,C
56.0,10.0,C
57.0,10.0,C
58.0,10.0,C
59.0,10.0,C
60.0,10.0,C
61.0,10.0,C
62.0,10.0,C
63.0,10.0,C
64.0,10.0,C
1.0,10.0,C
2.0,10.0,C
3.0,10.0,C
4.0,10.0,C
5.0,10.0,C
6.0,10.0,C
7.0,10.0,C
8.0,10.0,C
9.0,10.0,C
10.0,10.0,C
11.0,10.0,C
12.0,10.0,C
13.0,10.0,C
14.0,10.0,C
15.0,10.0,C
16.0,10.0,C
17.0,10.0,C
18.0,10.0,C
19.0,10.0,C
20.0,10.0,C
21.0,10.0,C
22.0,10.0,C
23.0,10.0,C
24.0,10.0,C
25.0,10.0,C
26.0,10.0,C
27.0,10.0,C
28.0,10.0,C
29.0,10.0,C
30.0,10.0,C
31.0,10.0,C
32.0,10.0,C
33.0,10.0,C
34.0,10.0,C
35.0,10.0,C
36.0,10.0,C
37.0,10.0,C
38.0,10.0,C
39.0,10.0,C
40.0,10.0,C
41.0,10.0,C
42.0,10.0,C
43.0,10.0,C
44.0,10.0,C
45.0,10.0,C
46.0,10.0,C
47.0,10.0,C
48.0,10.0,C
49.0,10.0,C
50.0,10.0,C
51.0,10.0,C
52.0,10.0,C
53.0,10.0,C
54.0,10.0,C
55.0,10.0,C
56.0,10.0,C
57.0,10.0,C
58.0,10.0,C
59.0,10.0,C
60.0,10.0,C
61.0,10.0,C
62.0,10.0,C
63.0,10.0,C
64.0,10.0,C
1.0,10.0,C
2.0,10.0,C
3.0,10.0,C
4.0,10.0,C
5.0,10.0,C
6.0,10.0,C
7.0,10.0,C
8.0,10.0,C
9.0,10.0,C
10.0,10.0,C
11.0,10.0,C
12.0,10.0,C
13.0,10.0,C
14.0,10.0,C
15.0,10.0,C
16.0,10.0,C
17.0,10.0,C
18.0,10.0,C
19.0,10.0,C
20.0,10.0,C
21.0,10.0,C
22.0,10.0,C
23.0,10.0,C
24.0,10.0,C
25.0,10.0,C
26.0,10.0,C
27.0,10.0,C
28.0,10.0,C
29.0,10.0,C
30.0,10.0,C
31.0,10.0,C
32.0,10.0,C
33.0,10.0,C
34.0,10.0,C
35.0,10.0,C
36.0,10.0,C
37.0,10.0,C
38.0,10.0,C
39.0,10.0,C
40.0,10.0,C
41.0,10.0,C
42.0,10.0,C
43.0,10.0,C
44.0,10.0,C
45.0,10.0,C
46.0,10.0,C
47.0,10.0,C
48.0,10.0,C
49.0,10.0,C
50.0,10.0,C
51.0,10.0,C
52.0,10.0,C
53.0,10.0,C
54.0,10.0,C
55.0,10.0,C
56.0,10.0,C
57.0,10.0,C
58.0,10.0,C
59.0,10.0,C
60.0,10.0,C
61.0,10.0,C
62.0,10.0,C
63.0,10.0,C
64.0,10.0,C
1.0,10.0,C
2.0,10.0,C
3.0,10.0,C
4.0,10.0,C
5.0,10.0,C
6.0,10.0,C
7.0,10.0,C
8.0,10.0,C
9.0,10.0,C
10.0,10.0,C
11.0,10.0,C
12.0,10.0,C
13.0,10.0,C
14.0,10.0,C
15.0,10.0,C
16.0,10.0,C
17.0,10.0,C
18.0,10.0,C
19.0,10.0,C
20.0,10.0,C
21.0,10.0,C
22.0,10.0,C
23.0,10.0,C
24.0,10.0,C
25.0,10.0,C
26.0,10.0,C
27.0,10.0,C
28.0,10.0,C
29.0,10.0,C
30.0,10.0,C
31.0,10.0,C
32.0,10.0,C
33.0,10.0,C
34.0,10.0,C
35.0,10.0,C
36.0,10.0,C
37.0,10.0,C
38.0,10.0,C
39.0,10.0,C
40.0,10.0,C
41.0,10.0,C
42.0,10.0,C
43.0,10.0,C
44.0,10.0,C
45.0,10.0,C
46.0,10.0,C
47.0,10.0,C
48.0,10.0,C
49.0,10.0,C
50.0,10.0,C
51.0,10.0,C
52.0,10.0,C
53.0,10.0,C
54.0,10.0,C
55.0,10.0,C
56.0,10.0,C
57.0,10.0,C
58.0,10.0,C
59.0,10.0,C
60.0,10.0,C
61.0,10.0,C
62.0,10.0,C
63.0,10.0,C
64.0,10.0,C
1.0,10.0,C
2.0,10.0,C
3.0,10.0,C
4.0,10.0,C
5.0,10.0,C
6.0,10.0,C
7.0,10.0,C
8.0,10.0,C
9.0,10.0,C
10.0,10.0,C
11.0,10.0,C
12.0,10.0,C
13.0,10.0,C
14.0,10.0,C
15.0,10.0,C
16.0,10.0,C
17.0,10.0,C
18.0,10.0,C
19.0,10.0,C
20.0,10.0,C
21.0,10.0,C
22.0,10.0,C
23.0,10.0,C
24.0,10.0,C
25.0,10.0,C
26.0,10.0,C
27.0,10.0,C
28.0,10.0,C
29.0,10.0,C
30.0,10.0,C
31.0,10.0,C
32.0,10.0,C
33.0,10.0,C
34.0,10.0,C
35.0,10.0,C
36.0,10.0,C
37.0,10.0,C
38.0,10.0,C
39.0,10.0,C
40.0,10.0,C
41.0,10.0,C
42.0,10.0,C
43.0,10.0,C
44.0,10.0,C
45.0,10.0,C
46.0,10.0,C
47.0,10.0,C
48.0,10.0,C
49.0,10.0,C
50.0,10.0,C
51.0,10.0,C
52.0,10.0,C
53.0,10.0,C
54.0,10.0,C
55.0,10.0,C
56.0,10.0,C
57.0,10.0,C
58.0,10.0,C
59.0,10.0,C
60.0,10.0,C
61.0,10.0,C
62.0,10.0,C
63.0,10.0,C
64.0,10.0,C
1.0,10.0,C
2.0,10.0,C
3.0,10.0,C
4.0,10.0,C
5.0,10.0,C
6.0,10.0,C
7.0,10.0,C
8.0,10.0,C
9.0,10.0,C
10.0,10.0,C
11.0,10.0,C
12.0,10.0,C
13.0,10.0,C
14.0,10.0,C
15.0,10.0,C
16.0,10.0,C
17.0,10.0,C
18.0,10.0,C
19.0,10.0,C
20.0,10.0,C
21.0,10.0,C
22.0,10.0,C
23.0,10.0,C
24.0,10.0,C
25.0,10.0,C
26.0,10.0,C
27.0,10.0,C
28.0,10.0,C
29.0,10.0,C
30.0,10.0,C
31.0,10.0,C
32.0,10.0,C
33.0,10.0,C
34.0,10.0,C
35.0,10.0,C
36.0,10.0,C
37.0,10.0,C
38.0,10.0,C
39.0,10.0,C
40.0,10.0,C
41.0,10.0,C
42.0,10.0,C
43.0,10.0,C
44.0,10.0,C
45.0,10.0,C
46.0,10.0,C
47.0,10.0,C
48.0,10.0,C
49.0,10.0,C
50.0,10.0,C
51.0,10.0,C
52.0,10.0,C
53.0,10.0,C
54.0,10.0,C
55.0,10.0,C
56.0,10.0,C
57.0,10.0,C
58.0,10.0,C
59.0,10.0,C
60.0,10.0,C
61.0,10.0,C
62.0,10.0,C
63.0,10.0,C
64.0,10.0,C
1.0,10.0,C
2.0,10.0,C
3.0,10.0,C
4.0,10.0,C
5.0,10.0,C
6.0,10.0,C
7.0,10.0,C
8.0,10.0,C
9.0,10.0,C
10.0,10.0,C
11.0,10.0,C
12.0,10.0,C
13.0,10.0,C
14.0,10.0,C
15.0,10.0,C
16.0,10.0,C
17.0,10.0,C
18.0,10.0,C
19.0,10.0,C
20.0,10.0,C
21.0,10.0,C
22.0,10.0,C
23.0,10.0,C
24.0,10.0,C
25.0,10.0,C
26.0,10.0,C
27.0,10.0,C
28.0,10.0,C
29.0,10.0,C
30.0,10.0,C
31.0,10.0,C
32.0,10.0,C
33.0,10.0,C
34.0,10.0,C
35.0,10.0,C
36.0,10.0,C
37.0,10.0,C
38.0,10.0,C
39.0,10.0,C
40.0,10.0,C
41.0,10.0,C
42.0,10.0,C
43.0,10.0,C
44.0,10.0,C
45.0,10.0,C
46.0,10.0,C
47.0,10.0,C
48.0,10.0,C
49.0,10.0,C
50.0,10.0,C
51.0,10.0,C
52.0,10.0,C
53.0,10.0,C
54.0,10.0,C
55.0,10.0,C
56.0,10.0,C
57.0,10.0,C
58.0,10.0,C
59.0,10.0,C
60.0,10.0,C
61.0,10.0,C
62.0,10.0,C
63.0,10.0,C
64.0,10.0,C
1.0,10.0,C
2.0,10.0,C
3.0,10.0,C
4.0,10.0,C
5.0,10.0,C
6.0,10.0,C
7.0,10.0,C
8.0,10.0,C
9.0,10.0,C
10.0,10.0,C
11.0,10.0,C
12.0,10.0,C
13.0,10.0,C
14.0,10.0,C
15.0,10.0,C
16.0,10.0,C
17.0,10.0,C
18.0,10.0,C
19.0,10.0,C
20.0,10.0,C
21.0,10.0,C
22.0,10.0,C
23.0,10.0,C
24.0,10.0,C
25.0,10.0,C
26.0,10.0,C
27.0,10.0,C
28.0,10.0,C
29.0,10.0,C
30.0,10.0,C
31.0,10.0,C
32.0,10.0,C
33.0,10.0,C
34.0,10.0,C
35.0,10.0,C
36.0,10.0,C
37.0,10.0,C
38.0,10.0,C
39.0,10.0,C
40.0,10.0,C
41.0,10.0,C
42.0,10.0,C
43.0,10.0,C
44.0,10.0,C
45.0,10.0,C
46.0,10.0,C
47.0,10.0,C
48.0,10.0,C
49.0,10.0,C
50.0,10.0,C
51.0,10.0,C
52.0,10.0,C
53.0,10.0,C
54.0,10.0,C
55.0,10.0,C
56.0,10.0,C
57.0,10.0,C
58.0,10.0,C
59.0,10.0,C
60.0,10.0,C
61.0,10.0,C
62.0,10.0,C
63.0,10.0,C
64.0,10.0,C
1.0,10.0,C
2.0,10.0,C
3.0,10.0,C
4.0,10.0,C
5.0,10.0,C
6.0,10.0,C
7.0,10.0,C
8.0,10.0,C
9.0,10.0,C
10.0,10.0,C
11.0,10.0,C
12.0,10.0,C
13.0,10.0,C
14.0,10.0,C
15.0,10.0,C
16.0,10.0,C
17.0,10.0,C
18.0,10.0,C
19.0,10.0,C
20.0,10.0,C
21.0,10.0,C
22.0,10.0,C
23.0,10.0,C
24.0,10.0,C
25.0,10.0,C
26.0,10.0,C
27.0,10.0,C
28.0,10.0,C
29.0,10.0,C
30.0,10.0,C
31.0,10.0,C
32.0,10.0,C
33.0,10.0,C
34.0,10.0,C
35.0,10.0,C
36.0,10.0,C
37.0,10.0,C
38.0,10.0,C
39.0,10.0,C
40.0,10.0,C
41.0,10.0,C
42.0,10.0,C
43.0,10.0,C
44.0,10.0,C
45.0,10.0,C
46.0,10.0,C
47.0,10.0,C
48.0,10.0,C
49.0,10.0,C
50.0,10.0,C
51.0,10.0,C
52.0,10.0,C
53.0,10.0,C
54.0,10.0,C
55.0,10.0,C
56.0,10.0,C
57.0,10.0,C
58.0,10.0,C
59.0,10.0,C
60.0,10.0,C
61.0,10.0,C
62.0,10.0,C
63.0,10.0,C
64.0,10.0,C
1.0,10.0,C
2.0,10.0,C
3.0,10.0,C
4.0,10.0,C
5.0,10.0,C
6.0,10.0,C
7.0,10.0,C
8.0,10.0,C
9.0,10.0,C
10.0,10.0,C
11.0,10.0,C
12.0,10.0,C
13.0,10.0,C
14.0,10.0,C
15.0,10.0,C
16.0,10.0,C
17.0,10.0,C
18.0,10.0,C
19.0,10.0,C
20.0,10.0,C
21.0,10.0,C
22.0,10.0,C
23.0,10.0,C
24.0,10.0,C
25.0,10.0,C
26.0,10.0,C
27.0,10.0,C
28.0,10.0,C
29.0,10.0,C
30.0,10.0,C
31.0,10.0,C
32.0,10.0,C
33.0,10.0,C
34.0,10.0,C
35.0,10.0,C
36.0,10.0,C
37.0,10.0,C
38.0,10.0,C
39.0,10.0,C
40.0,10.0,C
41.0,10.0,C
42.0,10.0,C
43.0,10.0,C
44.0,10.0,C
45.0,10.0,C
46.0,10.0,C
47.0,10.0,C
48.0,10.0,C
49.0,10.0,C
50.0,10.0,C
51.0,10.0,C
52.0,10.0,C
53.0,10.0,C
54.0,10.0,C
55.0,10.0,C
56.0,10.0,C
57.0,10.0,C
58.0,10.0,C
59.0,10.0,C
60.0,10.0,C
61.0,10.0,C
62.0,10.0,C
63.0,10.0,C
64.0,10.0,C
